ID,Gene,Chromosome,Start,End,Strand,Length,BioType,Description,Mock_1,Mock_2,Mock_3,Flg22_SynCom33_1,Flg22_SynCom33_2,Flg22_SynCom33_3,Flg22_SynCom33_vs_Mock_pvalue,Flg22_SynCom33_vs_Mock_padj,Flg22_SynCom33_vs_Mock_log2FoldChange,cl
AT2G21130.1,CYP19-2,2,9055398,9056481,-,1083,protein_coding,Peptidyl-prolyl cis-trans isomerase CYP19-2 [Source:UniProtKB/Swiss-Prot;Acc:Q9SKQ0],7.540379903679498,7.182092077529218,7.286581096289609,6.178931326632922,6.551045790635675,6.296139070394363,0.010309806694661533,0.11094804786464824,-1.00248566218598,3
AT1G06420.2,,1,1958923,1959947,+,1024,protein_coding,DNA ligase-like protein [Source:UniProtKB/TrEMBL;Acc:Q9LMH9],4.787452844545964,6.108024719680917,4.885138867599047,4.217528550093738,4.041030209578627,4.860065165901868,0.025564520362944775,0.19249192038815352,-1.0109367945518004,3
AT5G02270.1,ATNAP9,5,467038,469272,-,2234,protein_coding,Non-intrinsic ABC protein 9 [Source:UniProtKB/TrEMBL;Acc:F4KCB8],12.891669946221404,12.425864019339974,11.539169648386988,11.09267535193962,11.449837703132951,11.547862410009083,0.01175208904496126,0.11998467820229723,-1.0116746755197616,3
AT2G18500.1,OFP7,2,8026957,8028273,+,1316,protein_coding,Transcription repressor OFP7 [Source:UniProtKB/Swiss-Prot;Acc:Q9ZU65],6.634664704403041,7.078044188966138,6.836083318262044,5.85682639577253,6.071760097604484,5.632442808923611,0.004665263490108399,0.06594616226637721,-1.0126731706537313,3
AT3G55010.2,PUR5,3,20386605,20388860,+,2255,protein_coding,"Phosphoribosylformylglycinamidine cyclo-ligase, chloroplastic [Source:UniProtKB/Swiss-Prot;Acc:Q05728]",3.895962952520956,6.370775325014108,3.6346433676920804,0,4.893087822247699,4.661236622972771,0.3486554199911355,0.7093739515015665,-1.0167712778918399,3
AT3G61220.1,,3,22662849,22664493,+,1644,protein_coding,NAD(P)-binding Rossmann-fold superfamily protein [Source:UniProtKB/TrEMBL;Acc:A0A1I9LNT2],8.72978309506311,8.299939842481951,7.853696497288627,7.433763370940333,6.987563858913098,7.480579035337392,0.0011935067597563902,0.025362726257526703,-1.0234417922630616,3
AT1G33090.1,DTX22,1,11993298,11996712,+,3414,protein_coding,Protein DETOXIFICATION 22 [Source:UniProtKB/Swiss-Prot;Acc:F4HPH1],7.809583131076627,7.463130613115415,7.176991838234092,7.049968769652695,5.841074879481978,6.313198486349462,0.001402379818917657,0.028711937770102405,-1.0235432703631768,3
AT1G23950.3,,1,8469550,8471417,-,1867,protein_coding,UPF0725 protein At1g23950 [Source:UniProtKB/Swiss-Prot;Acc:Q9LR97],6.838056314768648,6.478732654921227,5.812466170288957,5.777341876425612,4.660880485693638,5.604998576428692,0.02523393986325221,0.19108134405744953,-1.023661886599354,3
AT1G79630.2,,1,29962649,29965758,-,3109,protein_coding,Probable protein phosphatase 2C 18 [Source:UniProtKB/Swiss-Prot;Acc:Q8RXZ4],4.846675056471126,6.785457995141106,6.483950249900812,2.3623520708955166,5.268641442564326,6.132784123762726,0.22026004903848598,0.587520404668841,-1.0246118346486588,3
AT5G36130.1,,5,14209088,14209922,-,834,protein_coding,,9.698248055352558,7.40957475644558,8.118658002601752,8.646417314575649,6.463482557047824,7.1321130014189364,0.10251042866794036,0.40903745635320954,-1.0256069630770919,3
AT5G65560.3,,5,26200014,26203813,-,3799,protein_coding,Pentatricopeptide repeat-containing protein At5g65560 [Source:UniProtKB/Swiss-Prot;Acc:Q9LSL9],5.961933981317181,6.821055938336415,6.762114834498595,4.692230796397376,5.813008984533923,5.881500940324097,0.008671085972429054,0.09961373209864864,-1.0279337859334026,3
AT3G29130.4,,3,11099603,11103509,-,3906,protein_coding,KxDL motif protein [Source:UniProtKB/TrEMBL;Acc:F4J1T2],0,4.925765513389674,3.3946549046680525,3.2147714026793155,3.5902403143046664,0,0.40175601482235856,0.7500341733099453,-1.02828801878223,3
AT1G42550.1,PMI1,1,15976805,15979952,+,3147,protein_coding,Protein PLASTID MOVEMENT IMPAIRED 1 [Source:UniProtKB/Swiss-Prot;Acc:Q9C8E6],7.817005787866527,8.052870385368301,6.710607877177494,6.870096396764122,6.141127716771654,6.72369305574031,0.018797743526461415,0.15981523618610072,-1.0289911446460882,3
AT4G04750.1,,4,2417813,2422790,+,4977,protein_coding,Major facilitator superfamily protein [Source:TAIR;Acc:AT4G04750],7.3892376492143566,7.529190001593904,3.5196335731144552,5.441494121695932,5.895619971733299,6.243716030316587,0.16606782950050772,0.5156792644833832,-1.0364640304378745,3
AT4G23250.1,EMB1290,4,12164451,12167026,-,2575,protein_coding,kinases;protein kinases [Source:TAIR;Acc:AT4G23250],4.593633859566179,3.7928911420385325,4.885138867599047,3.9539431361526742,3.9408408551698906,1.9275902419719255,0.16149908394700904,0.5087202220135337,-1.0371147341090754,3
AT4G16880.1,,4,9495983,9497313,-,1330,protein_coding,Leucine-rich repeat (LRR) family protein [Source:UniProtKB/TrEMBL;Acc:F4JNB0],1.7287776314278425,3.972466198631512,3.394654904668053,1.6187273161543794,2.4376517496975074,2.915160569268978,0.1953436987514628,NA,-1.0373053954283096,3
AT3G01100.1,HYP1,3,34658,38660,-,4002,protein_coding,hypothetical protein 1 [Source:TAIR;Acc:AT3G01100],8.981721897011253,9.523320422909563,8.77736447934137,8.747203712967403,8.131407852072462,6.7861193904187544,0.014161833242137104,0.1347604960053556,-1.0378579829352836,3
AT2G21830.2,,2,9303713,9306025,+,2312,protein_coding,Cysteine/Histidine-rich C1 domain family protein [Source:UniProtKB/TrEMBL;Acc:Q9SJ16],0,5.4038409867824,2.9377056350499657,0,3.716812934722182,3.610790983613843,0.536716382133963,0.8343022887569502,-1.042269913969071,3
AT3G51480.1,GLR3.6,3,19100676,19104844,+,4168,protein_coding,Glutamate receptor 3.6 [Source:UniProtKB/Swiss-Prot;Acc:Q84W41],5.375150752732915,5.5524323889932505,6.749409463680029,4.047259193246851,5.093050513992949,5.519387147560785,0.10814207629163904,0.4200975859641388,-1.044934229356462,3
AT4G19390.2,,4,10574726,10577404,-,2678,protein_coding,AT4g19390/T5K18_170 [Source:UniProtKB/TrEMBL;Acc:Q94JM4],0,3.6939605685913355,4.254166913077102,3.2147714026793155,2.705312230842695,0.9521328612649705,0.36700671819545727,NA,-1.0460149347819774,3
AT1G06830.1,GRXS11,1,2097106,2097655,+,549,protein_coding,Monothiol glutaredoxin-S11 [Source:UniProtKB/Swiss-Prot;Acc:Q9M9Y9],2.4928626068883792,2.483617156311411,3.3946549046680525,2.8506234414849434,0,1.9275902419719253,0.2886542034926924,NA,-1.0487769470636226,3
AT5G36140.1,CYP716A2,5,14212174,14213293,-,1119,protein_coding,,9.817760039901103,7.536346645727076,8.572621945356484,8.71201133993169,6.962231763815133,7.378922143659387,0.07319334237335383,0.3441067291474304,-1.050159599620776,3
AT2G37760.6,AKR4C8,2,15831656,15833921,+,2265,protein_coding,Aldo-keto reductase family 4 member C8 [Source:UniProtKB/Swiss-Prot;Acc:O80944],2.989757764903248,4.788648320166237,4.455324418422807,4.1349043505382435,2.108756609092234,2.9151605692689775,0.22015507143463778,0.587510601364829,-1.050803932683751,3
AT5G51670.2,,5,20993493,20995644,+,2151,protein_coding,Similarity to unknown protein [Source:UniProtKB/TrEMBL;Acc:Q9LTD7],7.186404424726323,6.809287284229726,4.020345890600543,0,4.041030209578627,6.857631366380905,0.3704261311495025,0.7269726716219224,-1.0521983195466689,3
AT4G37750.1,ANT,4,17739514,17742407,+,2893,protein_coding,AP2-like ethylene-responsive transcription factor ANT [Source:UniProtKB/Swiss-Prot;Acc:Q38914],8.344409626898702,8.672206172957557,8.561762335693587,7.371974206281836,7.6100950353075465,7.465398210715124,6.177791708452635e-7,6.72353832820339e-5,-1.0526220829528752,3
AT2G47940.2,DEGP2,2,19617986,19622251,-,4265,protein_coding,EMB3117 [Source:UniProtKB/TrEMBL;Acc:A0A178VUR8],5.527700305848329,6.551180603102459,8.02160803189045,6.895415103865413,3.8331710358903854,5.92653968268485,0.2450795738183589,0.6153198004469155,-1.0539608362258133,3
AT2G36290.2,,2,15208557,15210915,-,2358,protein_coding,Alpha/beta-Hydrolases superfamily protein [Source:UniProtKB/TrEMBL;Acc:Q9SJM9],5.8213849327274545,4.835816961760421,4.885138867599047,0,4.3839920445877665,5.114796342005591,0.23919243320763134,0.6091294988146595,-1.0544217720950144,3
AT1G15080.1,LPP2,1,5187549,5189673,+,2124,protein_coding,Lipid phosphate phosphatase 2 [Source:UniProtKB/Swiss-Prot;Acc:Q9XI60],5.11102280620708,5.202623161463151,5.762756638185021,4.217528550093738,4.529068802391353,4.366626272663022,0.00148623402117802,0.02994973235180475,-1.0560330342615263,3
AT3G23810.1,SAHH2,3,8587622,8589754,-,2132,protein_coding,Adenosylhomocysteinase [Source:UniProtKB/TrEMBL;Acc:A0A178VEP9],13.56780196474045,12.786662056377805,12.803381761419372,11.868923913663826,11.831906291321754,12.36667585816495,8.037149655002936e-5,0.0035245457916115645,-1.057109124338764,3
AT3G09060.1,,3,2765812,2768499,-,2687,protein_coding,Pentatricopeptide repeat (PPR) superfamily protein [Source:UniProtKB/TrEMBL;Acc:A0A178VJY3],5.988472357686117,6.164542760579038,6.196319795838235,3.854171251832479,4.893087822247699,5.835010722477479,0.015555842660489143,0.14247773846653122,-1.0577442612587238,3
AT1G16480.1,,1,5625702,5629013,-,3311,protein_coding,Tetratricopeptide repeat (TPR)-like superfamily protein [Source:UniProtKB/TrEMBL;Acc:F4I4G1],5.934898268707884,6.201027705426905,6.119409879444364,5.258470701736936,5.3490229670249105,4.430558138098957,4.32958265750758e-4,0.012381685212672208,-1.0578870363249915,3
AT2G20585.5,NFD6,2,8865016,8866791,+,1775,protein_coding,Nuclear fusion defective 6 [Source:UniProtKB/TrEMBL;Acc:A0A1P8B0U7],0,4.968720588965021,3.933151394118153,0,3.716812934722182,3.37118360863005,0.4700911033573451,0.7946792252831185,-1.0584472096703053,3
AT2G02080.1,IDD4,2,518079,521737,-,3658,protein_coding,"Protein indeterminate-domain 4, chloroplastic [Source:UniProtKB/Swiss-Prot;Acc:Q8GYC1]",5.665650779059369,6.386701273830907,6.421249092232257,0,6.207312458209198,4.993045580420775,0.2439763801098832,0.6142136214753587,-1.0684119827806815,3
AT3G46880.2,,3,17265234,17266266,+,1032,protein_coding,Uncharacterized protein T6H20.90 [Source:UniProtKB/TrEMBL;Acc:Q9STG0],4.003966155346152,3.6939605685913355,5.0181973337008525,3.367326347305105,2.108756609092234,3.9959993832693073,0.11010026697242624,0.4233896156257729,-1.0687309570161103,3
AT1G46480.1,WOX4,1,17236524,17238185,-,1661,protein_coding,WOX4 [Source:UniProtKB/TrEMBL;Acc:A0A384KVK6],6.923058506329626,6.685998363755481,7.268884604318757,5.048808145702654,6.27059364005451,6.151875289595288,0.02641187193714486,0.1956826772333149,-1.0738653383002101,3
AT1G76770.1,,1,28813454,28814378,+,924,protein_coding,HSP20-like chaperones superfamily protein [Source:UniProtKB/TrEMBL;Acc:Q9SRD6],2.4928626068883792,2.70300674632173,3.6346433676920804,2.037930391421176,2.705312230842695,1.5207800931441668,0.15431568960226683,NA,-1.0756447349288316,3
AT4G36060.1,bHLH11,4,17055226,17056782,+,1556,protein_coding,basic helix-loop-helix (bHLH) DNA-binding superfamily protein [Source:TAIR;Acc:AT4G36060],4.903561770334352,6.029049068629441,6.017121854143554,2.3623520708955166,5.309391951807763,5.03478127282035,0.09362992640265029,0.39117995711808473,-1.0776844718307244,3
AT3G51090.2,,3,18977947,18980004,-,2057,protein_coding,Coiled-coil 90B-like protein (DUF1640) [Source:UniProtKB/TrEMBL;Acc:Q94F04],3.512872752684049,3.473079788099641,3.106619824651406,0,3.1261115420229997,2.7242977287849475,0.3805819073640788,NA,-1.0777987085010565,3
AT3G57480.1,SAP13,3,21277270,21279371,-,2101,protein_coding,Zinc finger AN1 and C2H2 domain-containing stress-associated protein 13 [Source:UniProtKB/Swiss-Prot;Acc:Q9SCM4],4.369674741505485,3.5877432418836714,2.265079909517326,2.3623520708955166,2.4376517496975074,3.0836978622602835,0.20775797009242022,NA,-1.0844969569257912,3
AT2G47900.1,AtTLP3,2,19610943,19613325,-,2382,protein_coding,TLP3 [Source:UniProtKB/TrEMBL;Acc:A0A178VYB2],6.5119784004848285,7.116753558263661,7.799260299036098,5.296980078635509,7.012458815657254,5.54849243333342,0.15117050035666452,0.49284643153629454,-1.0857928839875486,3
AT3G20120.2,CYP705A21,3,7023311,7025928,+,2617,protein_coding,"Cytochrome P450, family 705, subfamily A, polypeptide 21 [Source:UniProtKB/TrEMBL;Acc:Q9LJY6]",7.409019313862008,7.329443878213663,7.643176846907855,7.565784830299516,1.0734075851791522,5.904196059487271,0.24691191932497167,0.6175099648771163,-1.0863811041809834,3
AT2G42955.1,,2,17866686,17867572,-,886,protein_coding,unknown protein; BEST Arabidopsis thaliana protein match is: unknown protein (TAIR:AT2G30615.1); Has 60 Blast hits to 45 proteins in 3 species: Archae - 0; Bacteria - 0; Metazoa - 0; Fungi - 0; Plants - 60; Viruses - 0; Other Eukaryotes - 0 (source: /.../BLink). [Source:TAIR;Acc:AT2G42955],1.1091829133441469,3.0615633034164675,1.5377459377206828,1.6187273161543791,0,1.9275902419719253,0.4271097026184261,NA,-1.0871827473750273,3
AT1G20020.1,LFNR2,1,6942625,6945091,+,2466,protein_coding,"Ferredoxin--NADP reductase, leaf isozyme 2, chloroplastic [Source:UniProtKB/Swiss-Prot;Acc:Q8W493]",5.563444142440976,0,5.140013510443914,3.6311881343164103,4.781650953190751,0,0.46696341660000434,0.7927319586385423,-1.0899047426164925,3
AT1G71870.1,DTX54,1,27032221,27035182,-,2961,protein_coding,Protein DETOXIFICATION 54 [Source:UniProtKB/Swiss-Prot;Acc:Q9LE20],8.448436575906614,9.221994972741584,8.71010883146794,6.895415103865413,8.01919668471526,8.021926272678865,8.128578769051467e-4,0.01916477345365974,-1.1008927829196038,3
ATMG00730.1,COX3,Mt,217631,219077,+,1446,protein_coding,cytochrome c oxidase subunit 3 [Source:TAIR;Acc:ATMG00730],1.7287776314278425,4.406612295626786,4.3913384478630615,2.037930391421176,2.705312230842695,3.610790983613843,0.173927422091441,0.5283943880548508,-1.1016689055750588,3
AT1G52830.1,IAA6,1,19672476,19673652,-,1176,protein_coding,SHY1 [Source:UniProtKB/TrEMBL;Acc:A0A384LEJ2],2.4928626068883792,2.8933955920104397,2.9377056350499657,1.6187273161543791,2.705312230842695,0.9521328612649705,0.1926964215226844,NA,-1.1019010813371872,3
AT1G62200.2,,1,22980934,22984359,-,3425,protein_coding,Major facilitator superfamily protein [Source:TAIR;Acc:AT1G62200],5.011018218499521,5.523913285647467,4.975193766628013,1.6187273161543791,4.134711341860703,4.993045580420775,0.1442899563169945,0.4824923905754136,-1.103877765452106,3
AT1G53790.1,,1,20079081,20081464,-,2383,protein_coding,F-box and associated interaction domains-containing protein [Source:UniProtKB/TrEMBL;Acc:B3H7F2],5.292367048960322,5.1287904201680385,5.484728497075132,3.953943136152674,4.222678460809748,4.4917767261225094,0.011441206754877918,0.11798140519233506,-1.1075145759018794,3
AT3G20540.1,POLGAMMA1,3,7168054,7173597,+,5543,protein_coding,Polymerase gamma 1 [Source:UniProtKB/TrEMBL;Acc:F4JEQ3],6.114300944759057,7.933265377256744,7.138530704236788,4.9555955295369705,6.617460473389267,6.379487758276958,0.10138304491061641,0.40701598167371417,-1.1097696833438142,3
AT2G46610.2,RS31A,2,19136566,19138725,-,2159,protein_coding,Serine/arginine-rich splicing factor RS31A [Source:UniProtKB/Swiss-Prot;Acc:Q9ZPX8],3.779215365141232,5.494819029805245,5.0181973337008525,3.2147714026793155,4.781650953190751,2.9151605692689775,0.06550540203432004,0.32345999586454655,-1.117099994720843,3
AT5G57785.2,,5,23408859,23409452,-,593,protein_coding,At5g57785 [Source:UniProtKB/TrEMBL;Acc:Q8GY06],4.369674741505485,5.5524323889932505,5.389677356129729,0,4.838445073287562,4.4917767261225094,0.1744707520087052,0.5290519277325608,-1.1208902171990542,3
AT5G05790.2,,5,1740543,1742161,-,1618,protein_coding,At5g05790 [Source:UniProtKB/TrEMBL;Acc:Q9FFJ9],6.9637524142587255,6.418035260289296,6.615793903277697,6.75031924217008,0,5.114796342005591,0.2309190659559193,0.5998242238169794,-1.1211017662418603,3
AT4G33520.4,PAA1,4,16118917,16120935,+,2018,protein_coding,"Copper-transporting ATPase PAA1, chloroplastic [Source:UniProtKB/Swiss-Prot;Acc:Q9SZC9]",2.4928626068883792,3.473079788099641,2.9377056350499657,0,1.6820320743057928,3.0836978622602835,0.31989922344182975,NA,-1.1274479301910734,3
AT1G06000.1,UGT89C1,1,1820308,1821894,-,1586,protein_coding,Glycosyltransferase (Fragment) [Source:UniProtKB/TrEMBL;Acc:W8PVE7],11.025955568402523,10.139701340967306,10.00145324396113,9.010257994514529,9.25675615971952,9.659295654919715,1.6511475320960374e-4,0.006130683419586419,-1.130751713703829,3
AT1G69310.3,WRKY57,1,26054581,26058164,-,3583,protein_coding,At1g69310 [Source:UniProtKB/TrEMBL;Acc:Q147N6],8.323715394453881,7.557606004362212,6.723658036484106,6.736375429929249,6.665339017885371,6.189316038415884,0.003917298909524578,0.05886239758850738,-1.1354094430939745,3
AT5G62090.1,SLK2,5,24934963,24939169,-,4206,protein_coding,Probable transcriptional regulator SLK2 [Source:UniProtKB/Swiss-Prot;Acc:Q94BP0],4.369674741505485,4.968720588965021,4.631835645891565,4.748890560855317,0,3.0836978622602835,0.19983733797605824,0.5619367279234324,-1.1440860405789015,3
AT1G05370.1,,1,1569147,1572469,-,3322,protein_coding,Sec14p-like phosphatidylinositol transfer family protein [Source:UniProtKB/TrEMBL;Acc:F4I8Q8],4.593633859566178,4.968720588965021,4.738550089003114,3.854171251832479,3.8331710358903854,3.37118360863005,0.01603383159309775,0.14504744819268584,-1.1445478479680316,3
AT5G57050.3,ABI2,5,23087142,23089631,+,2489,protein_coding,AtABI2 [Source:UniProtKB/TrEMBL;Acc:A0A178UGB7],4.725695124933475,2.70300674632173,4.102569480200593,4.047259193246851,0,2.7242977287849475,0.23507420897844675,0.6039630016017017,-1.1454846213134673,3
AT3G57020.1,SSL9,3,21098315,21100519,-,2204,protein_coding,Protein STRICTOSIDINE SYNTHASE-LIKE 9 [Source:UniProtKB/Swiss-Prot;Acc:Q9M1J6],12.36165449385053,11.869764034360053,11.48846202354832,10.579752508406155,10.902237425378694,10.90969909207845,3.385694584572517e-7,4.2301277664086175e-5,-1.146093581004436,3
AT1G52100.3,,1,19383078,19385602,-,2524,protein_coding,Mannose-binding lectin superfamily protein [Source:TAIR;Acc:AT1G52100],5.249122909450359,4.467782101105987,4.686179335206145,4.295676029258063,3.8331710358903854,2.7242977287849475,0.12231683688265893,0.44482159213739686,-1.1464922739406291,3
AT1G65700.1,,1,24434236,24436456,-,2220,protein_coding,Small nuclear ribonucleoprotein family protein [Source:UniProtKB/TrEMBL;Acc:F4IBJ7],4.522774701274072,3.473079788099641,5.5150697275334455,0,4.305588719917709,4.078133641636927,0.2310957976606067,0.6000499596940432,-1.1485476816210352,3
AT1G61440.2,,1,22669134,22673111,-,3977,protein_coding,S-locus lectin protein kinase family protein [Source:TAIR;Acc:AT1G61440],2.7625979464845534,3.473079788099641,3.257813758397973,3.0441562902820305,0,2.2445593110416264,0.20835241749997985,NA,-1.1486579541467647,3
AT1G03290.1,,1,807396,813216,+,5820,protein_coding,ELKS/Rab6-interacting/CAST family protein [Source:UniProtKB/TrEMBL;Acc:Q9ZVT0],5.850611506839511,6.59296499752144,6.338834756878011,5.634286594565839,5.841074879481978,0,0.19545279181251407,0.5567618893190636,-1.1490645716762022,3
AT3G12580.1,MED37C,3,3991117,3993886,-,2769,protein_coding,Probable mediator of RNA polymerase II transcription subunit 37c [Source:UniProtKB/Swiss-Prot;Acc:Q9LHA8],10.469087064480732,11.024127458274075,10.791259408368632,9.979563088981921,9.214469033981773,9.592742802118018,0.004231045797212423,0.062016888288257556,-1.1509931646395952,3
AT1G15790.3,,1,5438171,5440117,-,1946,protein_coding,unknown protein; BEST Arabidopsis thaliana protein match is: unknown protein (TAIR:AT1G15780.1); Has 170 Blast hits to 94 proteins in 14 species: Archae - 0; Bacteria - 0; Metazoa - 0; Fungi - 0; Plants - 170; Viruses - 0; Other Eukaryotes - 0 (sour /.../BI BLink). [Source:TAIR;Acc:AT1G15790],3.6521816931170914,3.212159022053945,2.265079909517326,2.3623520708955166,2.930999933311362,0,0.2691557302161626,NA,-1.1521235188214718,3
AT2G03370.1,,2,1024665,1027114,-,2449,protein_coding,Glycosyltransferase (Fragment) [Source:UniProtKB/TrEMBL;Acc:W8Q3I2],6.583356863849995,5.901835762364154,5.995764261179882,4.906628981467967,4.781650953190751,5.3643421947146726,2.1315117709952644e-4,0.007364948512582866,-1.1631617163573704,3
AT2G27730.4,,2,11819739,11822025,-,2286,protein_coding,"Uncharacterized protein At2g27730, mitochondrial [Source:UniProtKB/Swiss-Prot;Acc:Q9ZUX4]",4.104444098041156,4.275895027664374,3.741157802887507,3.854171251832479,3.1261115420229997,0,0.13264024715253603,0.46369007531415263,-1.1633718147197534,3
AT1G11330.1,,1,3810221,3813607,+,3386,protein_coding,G-type lectin S-receptor-like serine/threonine-protein kinase At1g11330 [Source:UniProtKB/Swiss-Prot;Acc:Q9SXB8],7.917101987649864,8.34546904713607,8.167229881998637,7.407605661326358,6.828436053282863,6.631493382472681,5.823119414491642e-4,0.015153639506327622,-1.1669010844105197,3
AT1G16610.7,SR45,1,5675619,5678856,-,3237,protein_coding,arginine/serine-rich 45 [Source:TAIR;Acc:AT1G16610],0,4.968720588965021,4.631835645891565,0,4.222678460809748,2.9151605692689775,0.39252920570441163,0.7447711188479,-1.1689299858138913,3
AT2G11890.2,TTM3,2,4802783,4804375,+,1592,protein_coding,Triphosphate tunel metalloenzyme 3 [Source:UniProtKB/Swiss-Prot;Acc:Q9SIY3],5.527700305848329,4.205808790095031,5.322642303261075,2.8506234414849434,3.9408408551698906,4.661236622972771,0.08222675674353415,0.3665483420360179,-1.1689741386488415,3
AT1G62640.1,KAS III,1,23192146,23195103,+,2957,protein_coding,"3-oxoacyl-[acyl-carrier-protein] synthase III, chloroplastic [Source:UniProtKB/Swiss-Prot;Acc:P49243]",7.186404424726323,5.465125944637685,5.9297262538589255,6.00375335260181,4.222678460809748,4.905767529132302,0.058246624847145184,0.30389222689816,-1.169660758647391,3
AT3G46130.2,ATMYB48,3,16945230,16946699,+,1469,protein_coding,myb domain protein 48 [Source:TAIR;Acc:AT3G46130],5.598323767392999,5.634755515488473,5.4220618989409815,4.217528550093738,4.305588719917709,4.661236622972771,0.0016068473515297678,0.03155242549585333,-1.1795984153238663,3
AT3G02130.1,RPK2,3,380350,384582,+,4232,protein_coding,LRR receptor-like serine/threonine-protein kinase RPK2 [Source:UniProtKB/Swiss-Prot;Acc:Q9S7I6],6.161712282026543,5.833759299631875,6.762114834498595,3.505281228700498,5.532326874454066,5.604998576428692,0.02542327050645656,0.1919867199059155,-1.1797484849057442,3
AT3G53340.3,NFYB10,3,19774318,19776280,-,1962,protein_coding,Nuclear transcription factor Y subunit B-10 [Source:UniProtKB/Swiss-Prot;Acc:Q67XJ2],4.003966155346152,4.5828509972355915,1.9467712125878611,2.037930391421176,3.8331710358903854,1.5207800931441668,0.2100111070071076,0.5745490106416717,-1.1823400274393816,3
AT3G08900.1,RGP3,3,2708086,2709949,-,1863,protein_coding,Glycosyltransferase (Fragment) [Source:UniProtKB/TrEMBL;Acc:W8Q6U1],1.7287776314278425,3.473079788099641,0.9647332386523773,1.6187273161543794,0,2.2445593110416264,0.39596671996809873,NA,-1.1890216828640303,3
AT1G54570.1,,1,20380435,20385380,-,4945,protein_coding,"Acyltransferase-like protein At1g54570, chloroplastic [Source:UniProtKB/Swiss-Prot;Acc:Q9ZVN2]",9.896943674961518,9.579828545010043,9.211788598463759,8.446813365579963,8.491569941764574,8.251660011621208,1.8500643778820955e-5,0.0010672410001336158,-1.191560070401882,3
AT4G01440.1,,4,596397,598752,+,2355,protein_coding,WAT1-related protein At4g01440 [Source:UniProtKB/Swiss-Prot;Acc:Q9M130],8.462703656218393,9.789027130587229,8.726408774387467,7.619950565005084,8.176162567269497,7.897371312519339,4.0706922784840017e-4,0.011920299545774176,-1.2019981368680241,3
AT5G02460.1,DOF5.1,5,539249,541316,-,2067,protein_coding,Dof zinc finger protein DOF5.1 [Source:UniProtKB/Swiss-Prot;Acc:Q9LZ56],5.850611506839511,5.661184750087037,4.7890861567805665,4.047259193246851,4.660880485693638,4.229579130884277,0.005658605377036796,0.07471249005181883,-1.2065875621859563,3
AT5G57785.1,,5,23408404,23409715,-,1311,protein_coding,At5g57785 [Source:UniProtKB/TrEMBL;Acc:Q8GY06],7.103850650174437,7.592356580018438,7.138530704236788,5.956421017056196,5.632079491422217,6.547486100894312,4.202088414290292e-4,0.01217247206389565,-1.2086120341900786,3
AT1G26190.1,TTM2,1,9057095,9061140,-,4045,protein_coding,Inorganic pyrophosphatase TTM2 [Source:UniProtKB/Swiss-Prot;Acc:Q9C664],7.3792441638690445,7.659443114438485,7.697102862911514,6.736375429929249,4.893087822247699,6.83418570417072,0.011036974230137669,0.11521146428699869,-1.2094942440161502,3
AT4G13810.3,RLP47,4,8004549,8007578,-,3029,protein_coding,,2.4928626068883792,2.483617156311411,2.5256963289283503,0,1.6820320743057928,2.2445593110416264,0.22562242085213982,NA,-1.2096304232297337,3
AT2G38660.4,FOLD1,2,16165958,16168386,+,2428,protein_coding,"Bifunctional protein FolD 1, mitochondrial [Source:UniProtKB/Swiss-Prot;Acc:A2RVV7]",6.5658405885320406,5.966844131094119,5.860519806873064,3.854171251832479,6.118373766182617,3.495955933753128,0.051836765952984885,0.2862522478118611,-1.2100658994550906,3
AT4G31350.2,,4,15212429,15216020,+,3591,protein_coding,At4g31350 [Source:UniProtKB/TrEMBL;Acc:Q8GS18],4.958290224869543,0.9400509454986085,5.952076481091294,1.0253974063678517,1.0734075851791522,5.262629831023532,0.5260402625753152,0.8283162100837408,-1.2138157263404068,3
AT2G07835.1,,2,3501553,3502294,-,741,protein_coding,unknown protein; BEST Arabidopsis thaliana protein match is: unknown protein (TAIR:ATMG00400.1); Has 30201 Blast hits to 17322 proteins in 780 species: Archae - 12; Bacteria - 1396; Metazoa - 17338; Fungi - 3422; Plants - 5037; Viruses - 0; Other Eu /.../es - 2996 (source: NCBI BLink). [Source:TAIR;Acc:AT2G07835],3.512872752684049,3.0615633034164684,2.265079909517326,2.627046475243691,1.6820320743057928,1.5207800931441668,0.19569174681473914,NA,-1.2142166195129196,3
AT1G70090.2,GATL9,1,26400790,26402727,+,1937,protein_coding,Probable galacturonosyltransferase-like 9 [Source:UniProtKB/Swiss-Prot;Acc:O04536],4.903561770334352,5.050974374322627,5.684825420083234,4.440314419844772,4.838445073287562,0,0.18652871855681386,0.545028805678725,-1.2147189100014977,3
AT2G28815.1,,2,12367001,12368064,-,1063,protein_coding,"60S ribosomal protein L16-like, mitochondrial [Source:UniProtKB/Swiss-Prot;Acc:Q84WZ8]",3.8959629525209563,6.029049068629441,3.6346433676920804,4.295676029258063,4.134711341860703,2.2445593110416264,0.10662807529923461,0.41704155496120154,-1.2162485931134406,3
AT3G06650.2,ACLB-1,3,2079033,2083468,-,4435,protein_coding,ACLB-1 [Source:UniProtKB/TrEMBL;Acc:A0A178V742],5.729975399151333,4.637117268027111,5.4537354287667625,0,3.9408408551698906,5.227067241555363,0.17954051094548137,0.5363271491539537,-1.217592143558275,3
AT1G21140.1,,1,7404328,7405426,+,1098,protein_coding,Vacuolar iron transporter homolog 1 [Source:UniProtKB/Swiss-Prot;Acc:Q9LPU9],6.909234732873583,7.659443114438484,7.900417946606434,5.093249177063089,6.8143478752208955,6.590101117126278,0.02762657251003634,0.20104426697747615,-1.2189595251050396,3
AT5G57450.2,XRCC3,5,23273067,23274976,-,1909,protein_coding,DNA repair protein XRCC3 homolog [Source:UniProtKB/Swiss-Prot;Acc:Q9FKM5],3.185968080546225,3.212159022053945,1.9467712125878611,2.037930391421176,2.108756609092234,1.5207800931441668,0.14528251404831474,NA,-1.2190595549129077,3
AT4G01510.8,ARV2,4,642990,644367,+,1377,protein_coding,Arv1-like protein [Source:TAIR;Acc:AT4G01510],5.061886852403117,5.166179056154761,0,3.367326347305105,3.590240314304666,3.2345898270739544,0.22557123410671015,0.5944924776427747,-1.225217565610829,3
AT3G58790.2,GAUT15,3,21742455,21744183,-,1728,protein_coding,Hexosyltransferase (Fragment) [Source:UniProtKB/TrEMBL;Acc:W8QNJ3],5.414826829134901,5.5524323889932505,4.254166913077102,4.369807068695123,4.529068802391353,2.2445593110416264,0.03840384918404054,0.24182775942186946,-1.226768475281593,3
AT1G64380.1,ERF061,1,23890570,23892193,-,1623,protein_coding,Ethylene-responsive transcription factor ERF061 [Source:UniProtKB/Swiss-Prot;Acc:Q9C7W2],7.817005787866527,7.401759006015962,7.460359891168136,6.895415103865413,5.7551841346022865,6.170717118150067,1.4280673286018653e-4,0.00546041094595702,-1.2272477807269178,3
AT1G61420.1,,1,22660460,22664487,-,4027,protein_coding,S-locus lectin protein kinase family protein [Source:TAIR;Acc:AT1G61420],5.011018218499521,4.406612295626786,5.252340027644287,4.507535901196622,0,4.078133641636927,0.1618274946326072,0.5091380104635633,-1.2277495840500048,3
AT5G17700.1,DTX25,5,5830570,5833990,-,3420,protein_coding,Protein DETOXIFICATION [Source:UniProtKB/TrEMBL;Acc:A0A178UJQ3],7.867921815488061,7.772857230258748,7.7681061975450385,6.459164058169442,6.869893487668423,6.379487758276958,1.2876758718273535e-5,7.975876218079013e-4,-1.228361214624291,3
AT1G69740.3,HEMB1,1,26231703,26235043,+,3340,protein_coding,"Delta-aminolevulinic acid dehydratase 1, chloroplastic [Source:UniProtKB/Swiss-Prot;Acc:Q9SFH9]",5.8213849327274545,5.494819029805245,0,5.093249177063089,0,3.37118360863005,0.4833415477127702,0.802048610223129,-1.2284320994647584,3
AT5G04090.7,,5,1105410,1108272,-,2862,protein_coding,Plant protein 1589 of unknown function [Source:TAIR;Acc:AT5G04090],3.7792153651412326,4.835816961760421,5.9297262538589255,5.178223852651324,0,3.0836978622602835,0.2578614502727962,0.6283955676034184,-1.2330044876310249,3
AT2G01990.1,,2,465001,466724,-,1723,protein_coding,unknown protein; BEST Arabidopsis thaliana protein match is: unknown protein (TAIR:AT1G14630.1); Has 118 Blast hits to 118 proteins in 14 species: Archae - 0; Bacteria - 0; Metazoa - 0; Fungi - 0; Plants - 118; Viruses - 0; Other Eukaryotes - 0 (sou /.../CBI BLink). [Source:TAIR;Acc:AT2G01990],5.598323767392999,6.305252988485069,6.499208812245369,5.093249177063089,4.838445073287562,4.993045580420775,0.004813737420182532,0.06715448348201895,-1.2338852238748574,3
AT5G23050.2,AAE17,5,7731221,7735566,-,4345,protein_coding,"Probable acyl-activating enzyme 17, peroxisomal [Source:UniProtKB/Swiss-Prot;Acc:F4KBF3]",6.252102112078317,4.205808790095031,5.389677356129729,3.505281228700498,3.716812934722182,5.114796342005591,0.047303564975478225,0.27208296035843554,-1.2346986019315995,3
AT2G32530.1,CSLB3,2,13809019,13813572,+,4553,protein_coding,Cellulose synthase-like protein B3 [Source:UniProtKB/Swiss-Prot;Acc:Q8RX83],3.6521816931170914,4.968720588965021,5.389677356129729,4.217528550093738,2.4376517496975074,3.81621379806968,0.06876775151736694,0.33221484821360436,-1.2386633572491992,3
AT4G12020.5,WRKY19,4,7201550,7209678,+,8128,protein_coding,Probable WRKY transcription factor 19 [Source:UniProtKB/Swiss-Prot;Acc:Q9SZ67],6.793600234004545,7.345830065668144,8.190916040297227,7.209880670798704,6.5166555811928575,0,0.2149867346967336,0.5808416867803172,-1.245341712137713,3
AT4G39070.1,BBX20,4,18204631,18206684,-,2053,protein_coding,B-box zinc finger protein 20 [Source:UniProtKB/Swiss-Prot;Acc:Q0IGM7],9.407563774874824,9.441820756698084,8.615260952280334,7.657431949991572,8.043556262603136,8.131777323136813,3.1407397346556787e-05,0.0016511811947690722,-1.246190194442074,3
AT3G17609.3,HYH,3,6023844,6024710,+,866,protein_coding,HYH [Source:UniProtKB/TrEMBL;Acc:A0A178VIU6],5.249122909450359,4.342733631600343,0,3.854171251832479,2.705312230842695,2.504278204367739,0.26054250196048295,0.6312669822851538,-1.2467796922650034,3
AT5G64080.2,,5,25645209,25646845,-,1636,protein_coding,Non-specific lipid-transfer protein-like protein At5g64080 [Source:UniProtKB/Swiss-Prot;Acc:Q8VYI9],4.725695124933475,5.339836733502409,4.631835645891565,3.214771402679316,4.722529088400949,2.2445593110416264,0.07048080371835679,0.3370621720989182,-1.2625396065345296,3
AT3G20330.2,PYRB,3,7090094,7092670,-,2576,protein_coding,"Aspartate carbamoyltransferase, chloroplastic [Source:UniProtKB/Swiss-Prot;Acc:P49077]",4.286566976059075,0,4.3913384478630615,3.0441562902820305,3.2979520451024302,0,0.4329552579358676,NA,-1.2635619726836842,3
AT2G41480.1,PER25,2,17296894,17298725,-,1831,protein_coding,Peroxidase 25 [Source:UniProtKB/Swiss-Prot;Acc:O80822],7.68531282969733,8.793646439501998,7.865519473652909,7.362927121025474,6.617460473389267,6.736396292189111,0.02813516841170384,0.2032429061195769,-1.2642159819733636,3
AT1G72490.1,,1,27288900,27291107,-,2207,protein_coding,unknown protein; BEST Arabidopsis thaliana protein match is: unknown protein (TAIR:AT1G17400.1); Has 75 Blast hits to 75 proteins in 21 species: Archae - 0; Bacteria - 0; Metazoa - 3; Fungi - 4; Plants - 58; Viruses - 0; Other Eukaryotes - 10 (sourc /.../I BLink). [Source:TAIR;Acc:AT1G72490],6.852575711551551,6.127111139355587,5.630429733221012,4.507535901196622,4.041030209578627,5.904196059487271,0.06726439007555136,0.32858465091967504,-1.2645772792123273,3
AT1G62700.1,NAC026,1,23215953,23219209,-,3256,protein_coding,NAC domain-containing protein 26 [Source:UniProtKB/Swiss-Prot;Acc:F4HYV5],4.448254655523664,3.972466198631512,4.975193766628013,3.6311881343164103,2.705312230842695,3.495955933753128,0.022850252934407643,0.1792937826569604,-1.270532144489251,3
AT1G11910.2,APA1,1,4016712,4020765,-,4053,protein_coding,aspartic proteinase A1 [Source:TAIR;Acc:AT1G11910],5.061886852403117,4.881492133434249,4.324382351515297,3.7469834489625717,3.8331710358903854,3.0836978622602835,0.06243333538001575,0.31500242524128813,-1.272292998697865,3
AT4G19650.2,,4,10693193,10695998,+,2805,protein_coding,Mitochondrial transcription termination factor family protein [Source:TAIR;Acc:AT4G19650],4.787452844545964,5.2381692849912795,5.630429733221012,4.217528550093738,4.305588719917709,3.495955933753128,0.00971296144947321,0.10670630960322428,-1.274461443256839,3
AT1G80940.4,,1,30410701,30412131,+,1430,protein_coding,F23A5.30 protein [Source:UniProtKB/TrEMBL;Acc:Q9SAG6],5.934898268707884,5.306737305398032,6.1583772843788145,4.692230796397376,5.093050513992949,3.7171555305973403,0.03397012981981386,0.22552579348772508,-1.275369217582131,3
AT5G43630.3,TZP,5,17526729,17530605,+,3876,protein_coding,Zinc knuckle (CCHC-type) family protein [Source:UniProtKB/TrEMBL;Acc:Q9FIX7],5.632379985744672,6.508149830078662,4.3913384478630615,5.804326226097206,0,3.495955933753128,0.3841439535378622,0.7375059105131275,-1.2833502468881903,3
AT5G15090.2,VDAC3,5,4888964,4891603,-,2639,protein_coding,Mitochondrial outer membrane protein porin 3 [Source:UniProtKB/Swiss-Prot;Acc:Q9SMX3],6.161712282026543,6.27134101519378,5.4537354287667625,3.6311881343164103,5.497482078598995,4.550502994795874,0.015028114757296047,0.1400782874152678,-1.2865457818472619,3
AT1G75210.2,,1,28223836,28229002,+,5166,protein_coding,"Cytosolic IMP-GMP specific 5-nucleotidase, putative [Source:UniProtKB/TrEMBL;Acc:Q8RWN4]",3.3586599662022834,3.7928911420385325,3.933151394118153,3.2147714026793155,0,2.9151605692689775,0.2180942783658452,0.5850653702303458,-1.2867588879357126,3
AT4G04330.1,RBCX1,4,2116553,2118617,-,2064,protein_coding,"Chaperonin-like RBCX protein 1, chloroplastic [Source:UniProtKB/Swiss-Prot;Acc:Q94AU9]",2.160824389871925,0,2.265079909517326,1.0253974063678517,0,1.5207800931441668,0.5027993008803255,NA,-1.288311820584664,3
AT3G10880.1,,3,3405815,3407497,+,1682,protein_coding,Tropomyosin [Source:UniProtKB/TrEMBL;Acc:Q58FW3],4.003966155346152,4.788648320166237,5.0181973337008525,4.295676029258063,0,3.610790983613843,0.4486853000845535,0.7818472960959983,-1.2905565039168236,3
AT5G05540.2,SDN2,5,1636282,1638939,+,2657,protein_coding,Small RNA degrading nuclease 2 [Source:UniProtKB/Swiss-Prot;Acc:Q9FFG1],5.563444142440976,5.166179056154761,4.102569480200594,3.9539431361526742,3.451485710815507,3.9959993832693073,0.025344795319792963,0.19165085451101954,-1.295698776403779,3
AT3G53850.2,,3,19948129,19949346,-,1217,protein_coding,CASP-like protein [Source:UniProtKB/TrEMBL;Acc:A0A178VG49],4.593633859566178,4.835816961760421,4.885138867599047,3.505281228700498,4.529068802391353,0,0.14847206735260515,0.4887368651795163,-1.30211574897429,3
AT5G42210.2,,5,16866034,16869967,+,3933,protein_coding,Major facilitator superfamily protein [Source:TAIR;Acc:AT5G42210],3.6521816931170914,3.587743241883671,4.885138867599047,3.505281228700498,0,3.495955933753128,0.24208248318186698,0.6122335538838329,-1.3024225247190893,3
AT1G69310.1,WRKY57,1,26054275,26058383,-,4108,protein_coding,At1g69310 [Source:UniProtKB/TrEMBL;Acc:Q147N6],7.091661960645059,6.9228647321562535,5.711273003041102,5.603890994040668,5.093050513992949,5.45935351269662,0.025549888256023487,0.19249192038815352,-1.3092481565336662,3
AT3G02180.3,SP1L3,3,404733,405653,+,920,protein_coding,Protein SPIRAL1-like 3 [Source:UniProtKB/Swiss-Prot;Acc:Q9S7P8],3.512872752684049,4.925765513389674,4.324382351515297,3.0441562902820305,4.134711341860703,0,0.31831618328364775,0.6833007776915291,-1.3156330611088394,3
AT2G43190.3,,2,17955953,17958041,+,2088,protein_coding,POP4 [Source:UniProtKB/TrEMBL;Acc:A0A384KZC1],4.448254655523664,4.6894161194701365,6.355698565723836,4.9555955295369705,4.458353262249909,0,0.1676500291517013,0.51819800892906,-1.317039536462245,3
AT1G55870.2,PARN,1,20895585,20898847,+,3262,protein_coding,Poly(A)-specific ribonuclease PARN [Source:UniProtKB/Swiss-Prot;Acc:Q9LG26],5.563444142440976,4.526463477511256,4.7890861567805665,4.047259193246851,3.716812934722182,3.495955933753128,0.17835863461226387,0.5348769316875143,-1.3215544381363302,3
AT5G22860.7,,5,7639228,7643146,-,3918,protein_coding,Prolylcarboxypeptidase-like protein [Source:UniProtKB/TrEMBL;Acc:Q9FFC2],4.448254655523664,3.3485100352690864,3.933151394118153,3.214771402679316,2.930999933311362,1.9275902419719255,0.21600990256867916,0.5825240973549316,-1.3237848112030908,3
AT5G55070.2,,5,22347211,22351168,+,3957,protein_coding,"Dihydrolipoyllysine-residue succinyltransferase component of 2-oxoglutarate dehydrogenase complex 1, mitochondrial [Source:UniProtKB/Swiss-Prot;Acc:Q9FLQ4]",5.598323767392999,5.523913285647467,3.933151394118153,3.7469834489625717,0,4.950066456617843,0.19128459441961038,0.551492113598023,-1.32481186862033,3
AT2G38690.1,,2,16176631,16177754,-,1123,protein_coding,unknown protein; Has 9 Blast hits to 7 proteins in 5 species: Archae - 0; Bacteria - 0; Metazoa - 4; Fungi - 2; Plants - 3; Viruses - 0; Other Eukaryotes - 0 (source: NCBI BLink). [Source:TAIR;Acc:AT2G38690],1.7287776314278425,1.5044637728747368,0.9647332386523769,1.0253974063678515,0,0.9521328612649705,0.43904194038850586,NA,-1.3312357900791332,3
AT1G73370.1,SUS6,1,27584364,27588978,-,4614,protein_coding,Sucrose synthase (Fragment) [Source:UniProtKB/TrEMBL;Acc:W8Q3K7],4.369674741505485,4.637117268027111,4.686179335206145,0,4.305588719917709,3.2345898270739544,0.35106558820307093,0.7113778237691802,-1.3322431767715077,3
AT2G48100.5,,2,19670378,19673292,+,2914,protein_coding,Exonuclease family protein [Source:UniProtKB/TrEMBL;Acc:Q9ZU79],7.584539159597012,0,5.657883929815475,6.573379392917591,0,0.9521328612649705,0.49273461026802323,0.8083373482608287,-1.3365441293859748,3
AT1G31050.6,,1,11075413,11079253,-,3840,protein_coding,basic helix-loop-helix (bHLH) DNA-binding superfamily protein [Source:TAIR;Acc:AT1G31050],3.779215365141232,4.526463477511256,5.711273003041102,4.295676029258063,4.041030209578627,0,0.2053512143018046,0.5689221212883759,-1.3459758121382601,3
AT2G03140.6,,2,941851,948005,+,6154,protein_coding,alpha/beta-Hydrolases superfamily protein [Source:TAIR;Acc:AT2G03140],5.934898268707884,6.855796626028851,5.602442937139302,0,5.841074879481978,4.993045580420775,0.32788863335122254,0.6914262819067748,-1.353406094809066,3
AT5G53895.1,,5,21880592,21881204,+,612,protein_coding,At5g53895 [Source:UniProtKB/TrEMBL;Acc:Q6NMD7],2.4928626068883792,2.70300674632173,1.9467712125878611,1.6187273161543791,1.0734075851791522,1.5207800931441668,0.1725375620757757,NA,-1.3535357033811486,3
AT1G22650.1,INVD,1,8013353,8016150,-,2797,protein_coding,Probable alkaline/neutral invertase D [Source:UniProtKB/Swiss-Prot;Acc:F4I2X9],7.593211097421937,6.761228493160754,6.723658036484106,5.093249177063089,5.7551841346022865,6.170717118150067,9.53073345636778e-5,0.004060303910841183,-1.3551609978886134,3
AT1G34110.2,,1,12417012,12421792,-,4780,protein_coding,Probable LRR receptor-like serine/threonine-protein kinase At1g34110 [Source:UniProtKB/Swiss-Prot;Acc:C0LGF5],5.698171560053032,7.927833304312796,6.214923291760822,0,4.041030209578627,7.001390090434106,0.22925115153944292,0.5983506341822034,-1.3611229706853236,3
AT5G11860.1,SSP5,5,3821755,3824276,-,2521,protein_coding,At5g11860 [Source:UniProtKB/TrEMBL;Acc:Q9LYI7],4.286566976059075,4.132143129152561,4.180358500858131,2.037930391421176,3.1261115420229997,3.37118360863005,0.053196705569722766,0.29071637306877157,-1.3636227599025705,3
AT5G57110.2,ACA8,5,23109438,23117686,-,8248,protein_coding,Calcium-transporting ATPase [Source:UniProtKB/TrEMBL;Acc:Q0WV19],7.83904733551467,7.849555208980678,7.888878667148919,0,7.658214598801974,6.113436933005324,0.20992294924564983,0.5743662820988864,-1.3660137964698793,3
AT3G23330.1,PCMP-H32,3,8347127,8349479,+,2352,protein_coding,Putative pentatricopeptide repeat-containing protein At3g23330 [Source:UniProtKB/Swiss-Prot;Acc:Q9LW63],5.961933981317181,5.010433604218114,6.287027318897969,4.369807068695123,4.458353262249909,4.661236622972771,0.0038783884074735262,0.058544632351037615,-1.3812945420919875,3
AT1G23010.1,LPR1,1,8147118,8149891,+,2773,protein_coding,Multicopper oxidase LPR1 [Source:UniProtKB/Swiss-Prot;Acc:F4I4K5],8.169895543687995,8.492538339670126,7.67039180056042,6.664560225520337,6.828436053282863,6.822318424149355,1.9071761138067566e-4,0.006872481004202845,-1.3840250741711724,3
AT2G42720.1,,2,17785354,17787421,+,2067,protein_coding,F-box/LRR-repeat protein At2g42720 [Source:UniProtKB/Swiss-Prot;Acc:Q6DR13],4.787452844545964,5.856810227768167,5.684825420083234,2.8506234414849434,4.3839920445877665,4.713571128295371,0.007221827395802682,0.08808401272866048,-1.3850496275498754,3
AT5G52340.1,ATEXO70A2,5,21250646,21254137,+,3491,protein_coding,Exocyst subunit Exo70 family protein [Source:UniProtKB/TrEMBL;Acc:F4KG57],1.7287776314278425,3.0615633034164684,3.6346433676920804,1.6187273161543791,2.108756609092234,1.9275902419719253,0.1361292506273817,NA,-1.3851898137857317,3
AT5G05940.1,ROPGEF5,5,1785845,1788600,+,2755,protein_coding,Rop guanine nucleotide exchange factor 5 [Source:UniProtKB/Swiss-Prot;Acc:F4K295],6.56584058853204,7.578556631883588,7.027149127234455,5.74984317224827,5.8956199717333,5.577022134734178,3.9558323945089574e-5,0.0019839680303953317,-1.392083941715786,3
AT5G27680.5,RECQSIM,5,9793758,9798961,-,5203,protein_coding,ATP-dependent DNA helicase Q-like SIM [Source:UniProtKB/Swiss-Prot;Acc:Q9FT69],6.977065909137394,4.925765513389674,0,3.854171251832479,5.3490229670249105,2.7242977287849475,0.37183163738908254,0.7281691612364913,-1.3921795062638027,3
AT1G69970.2,CLE26,1,26352563,26354613,-,2050,protein_coding,CLAVATA3/ESR (CLE)-related protein 26 [Source:UniProtKB/Swiss-Prot;Acc:O04547],2.7625979464845534,3.212159022053945,3.741157802887507,2.037930391421176,1.6820320743057928,2.504278204367739,0.05530440212959437,NA,-1.3967237419190803,3
AT1G07170.4,,1,2200174,2201049,+,875,protein_coding,PHD finger-like domain-containing protein 5A [Source:UniProtKB/Swiss-Prot;Acc:P0DI19],3.185968080546225,1.5044637728747368,3.3946549046680525,2.627046475243691,1.6820320743057928,0,0.41126336297191757,NA,-1.402764697138117,3
AT2G33100.2,CSLD1,2,14036319,14040544,-,4225,protein_coding,Cellulose synthase-like protein D1 [Source:UniProtKB/Swiss-Prot;Acc:O49323],1.7287776314278425,3.4730797880996414,2.9377056350499657,2.362352070895517,1.6820320743057928,0.9521328612649705,0.17104449262634946,NA,-1.4190402570616971,3
AT2G26150.4,HSFA2,2,11135634,11137630,+,1996,protein_coding,Heat stress transcription factor A-2 [Source:UniProtKB/Swiss-Prot;Acc:O80982],2.989757764903248,3.0615633034164684,4.254166913077102,0,2.705312230842695,2.9151605692689775,0.28653922799451054,NA,-1.4229165378440152,3
AT4G20130.2,PTAC14,4,10879026,10881946,+,2920,protein_coding,Protein PLASTID TRANSCRIPTIONALLY ACTIVE 14 [Source:UniProtKB/Swiss-Prot;Acc:Q84JF5],5.79155401328417,5.712633617560529,5.356549143964554,3.214771402679316,4.596479490847074,4.550502994795874,0.0014721904017700048,0.029755956676978397,-1.4326553921619836,3
AT4G33130.1,,4,15978992,15980813,-,1821,protein_coding,"unknown protein; FUNCTIONS IN: molecular_function unknown; INVOLVED IN: biological_process unknown; LOCATED IN: chloroplast; EXPRESSED IN: 9 plant structures; EXPRESSED DURING: 6 growth stages; BEST Arabidopsis thaliana protein match is: Protein of  /.../n function, DUF547 (TAIR:AT1G16750.1); Has 192 Blast hits to 192 proteins in 18 species: Archae - 0; Bacteria - 0; Metazoa - 1; Fungi - 0; Plants - 189; Viruses - 0; Other Eukaryotes - 2 (source: NCBI BLink). [Source:TAIR;Acc:AT4G33130]",4.958290224869543,5.987878533630246,6.304503994897413,3.6311881343164103,0,5.711775582035958,0.12302606273286767,0.44589276235471875,-1.4353802701249752,3
AT1G74890.1,ARR15,1,28131447,28133025,-,1578,protein_coding,Two-component response regulator ARR15 [Source:UniProtKB/Swiss-Prot;Acc:Q7G8V2],3.3586599662022834,4.406612295626786,4.180358500858131,2.037930391421176,3.1261115420229997,2.9151605692689775,0.022597434234327158,0.1779332826851736,-1.436968236019281,3
AT4G24460.3,CLT2,4,12642844,12645458,+,2614,protein_coding,"Protein CLT2, chloroplastic [Source:UniProtKB/Swiss-Prot;Acc:A1L4X0]",6.014531365317104,4.968720588965021,4.020345890600543,3.505281228700498,4.041030209578627,3.908905342510344,0.010767325623533481,0.11382117475887811,-1.4451829535417038,3
AT3G57020.2,SSL9,3,21098315,21100459,-,2144,protein_coding,Protein STRICTOSIDINE SYNTHASE-LIKE 9 [Source:UniProtKB/Swiss-Prot;Acc:Q9M1J6],10.44173914908069,9.850609381101783,9.402391450894271,8.620080810999745,8.432843254413275,8.453638272994281,5.4191987845661706e-9,1.4238068213369337e-6,-1.4583295913805883,3
AT1G69230.2,SP1L2,1,26026312,26027708,-,1396,protein_coding,Protein SPIRAL1-like 2 [Source:UniProtKB/Swiss-Prot;Acc:Q9LE54],4.725695124933475,5.494819029805245,4.975193766628013,3.0441562902820305,3.716812934722182,4.155842704609608,0.001324619275837733,0.02753550741520921,-1.4628970159850656,3
AT3G43920.3,DCL3,3,15753400,15760859,+,7459,protein_coding,Endoribonuclease Dicer homolog 3 [Source:UniProtKB/Swiss-Prot;Acc:Q9LXW7],5.907346222855623,6.9869529863615645,0.9647332386523769,1.0253974063678515,6.071760097604484,0,0.3860970387260499,0.739460002495987,-1.4678099306418686,3
AT1G03310.1,ISA2,1,813413,816812,+,3399,protein_coding,ISA2 [Source:UniProtKB/TrEMBL;Acc:A0A178WGA8],7.091661960645059,7.154451387079071,7.167472252942611,2.627046475243691,7.012458815657255,4.299729419558316,0.06819315061171792,0.330839695145013,-1.4686040949309715,3
AT3G22900.2,NRPD7,3,8115177,8116253,+,1076,protein_coding,DNA-directed RNA polymerase IV subunit 7 [Source:UniProtKB/Swiss-Prot;Acc:Q8LE42],2.4928626068883792,3.212159022053945,3.933151394118153,2.037930391421176,0,2.9151605692689775,0.1258899921156488,NA,-1.469626605796898,3
AT4G22217.1,,4,11758578,11759098,+,520,protein_coding,Defensin-like protein 100 [Source:UniProtKB/Swiss-Prot;Acc:Q3E6U0],4.1983774833946415,3.8854708755694816,4.575364531374196,3.854171251832479,1.6820320743057928,2.2445593110416264,0.040407117800533715,0.24943806502985758,-1.4755312960274662,3
AT1G62262.1,SLAH4,1,23000157,23002096,-,1939,protein_coding,S-type anion channel SLAH4 [Source:UniProtKB/Swiss-Prot;Acc:A8MRV9],5.414826829134901,5.494819029805245,4.102569480200594,4.369807068695123,2.930999933311362,3.4959559337531285,0.06693843834738668,0.327937661232703,-1.4759902091549575,3
AT2G40860.2,,2,17053498,17057213,-,3715,protein_coding,Protein kinase and PP2C-like domain-containing protein [Source:UniProtKB/Swiss-Prot;Acc:Q940A2],4.903561770334352,5.966844131094119,6.196319795838235,4.9555955295369705,1.0734075851791522,4.8128675247549175,0.041608158768894885,0.2540337324609203,-1.4789823542284324,3
AT4G33660.1,,4,16167257,16168711,-,1454,protein_coding,Adhesive/proline-rich-like protein [Source:UniProtKB/TrEMBL;Acc:Q8LG30],4.661175041237853,5.1287904201680385,4.455324418422807,3.505281228700498,3.1261115420229997,3.495955933753128,0.0021370859409703693,0.03884323479727212,-1.4799899209077507,3
AT5G49960.3,,5,20323785,20327881,-,4096,protein_coding,Probable ion channel POLLUX [Source:UniProtKB/Swiss-Prot;Acc:Q9LTX4],6.0652784289275665,6.370775325014108,5.252340027644286,4.295676029258063,4.945736257423931,4.229579130884277,0.0019053333077523515,0.03581760138391518,-1.4860695697237143,3
AT3G58040.3,SINAT2,3,21488462,21491518,+,3056,protein_coding,E3 ubiquitin-protein ligase [Source:UniProtKB/TrEMBL;Acc:A0A178VHN9],3.512872752684049,4.054512659874297,3.257813758397973,2.3623520708955166,2.4376517496975074,2.2445593110416264,0.10205488318825028,0.4080070448938941,-1.4970980064208717,3
AT5G26160.3,PMIR2,5,9142865,9146675,+,3810,protein_coding,Protein PLASTID MOVEMENT IMPAIRED 1-RELATED 2 [Source:UniProtKB/Swiss-Prot;Acc:Q7Y219],4.725695124933475,6.088682403218766,5.883959436993268,4.803408930259584,4.781650953190751,0,0.27107713118512666,0.6412047866100941,-1.4982420824112919,3
AT2G22970.2,SCPL11,2,9774853,9777150,+,2297,protein_coding,Serine carboxypeptidase-like 11 [Source:UniProtKB/TrEMBL;Acc:A8MQP0],7.003329893485225,5.833759299631875,0,4.906628981467967,4.3839920445877665,4.078133641636927,0.27151126112133567,0.6414094866232826,-1.5001791369925943,3
AT3G62820.1,,3,23229381,23230575,+,1194,protein_coding,Plant invertase/pectin methylesterase inhibitor superfamily protein [Source:UniProtKB/TrEMBL;Acc:Q9LZI3],3.512872752684049,4.275895027664374,3.6346433676920804,2.627046475243691,1.6820320743057928,2.9151605692689775,0.0495973833175179,NA,-1.5193597287226266,3
AT5G14770.3,,5,4772117,4775833,-,3716,protein_coding,"Pentatricopeptide repeat-containing protein At5g14770, mitochondrial [Source:UniProtKB/Swiss-Prot;Acc:Q9LER0]",6.700354505152692,6.522636497270626,0,4.217528550093738,4.3839920445877665,4.950066456617843,0.19273453037366378,0.552860411209905,-1.5231493122151458,3
AT1G10830.2,Z-ISO,1,3605651,3607462,-,1811,protein_coding,"15-cis-zeta-carotene isomerase, chloroplastic [Source:UniProtKB/Swiss-Prot;Acc:Q9SAC0]",2.1608243898719253,3.972466198631512,3.106619824651407,0,2.108756609092234,2.7242977287849475,0.14762987551898057,NA,-1.52795911464233,3
AT1G07270.1,CDC6B,1,2229444,2233017,-,3573,protein_coding,Cell division control protein 6 homolog B [Source:UniProtKB/Swiss-Prot;Acc:Q8W032],4.369674741505485,4.526463477511256,4.738550089003114,3.367326347305105,3.9408408551698906,0,0.05986577560144123,0.3077077972692052,-1.5297026383204146,3
AT2G17770.3,ATBZIP27,2,7722825,7724291,+,1466,protein_coding,basic region/leucine zipper motif 27 [Source:TAIR;Acc:AT2G17770],3.8959629525209563,4.582850997235592,4.020345890600543,3.6311881343164103,0,2.9151605692689775,0.06068595455808236,0.3103462987352113,-1.5299835854607833,3
AT1G61500.1,,1,22689729,22693799,-,4070,protein_coding,S-locus lectin protein kinase family protein [Source:TAIR;Acc:AT1G61500],3.8959629525209563,3.473079788099641,4.738550089003114,2.3623520708955166,3.8331710358903854,0,0.11704627319420594,0.4355883759207305,-1.536476116256827,3
AT2G44100.2,GDI1,2,18241692,18245008,+,3316,protein_coding,Guanosine nucleotide diphosphate dissociation inhibitor 1 [Source:UniProtKB/Swiss-Prot;Acc:Q96254],7.485540260597712,6.236612679545459,7.167472252942611,5.956421017056196,0,6.243716030316587,0.10519743598444647,0.413922346916553,-1.5382882837383889,3
AT2G14120.4,DRP3B,2,5954458,5960137,-,5679,protein_coding,Dynamin related protein [Source:UniProtKB/TrEMBL;Acc:F4IFG2],7.091661960645059,5.339836733502409,6.099524241957136,0,5.9737556317286735,4.4917767261225094,0.2811135306137326,0.6510176969591779,-1.5412250349326155,3
AT2G46800.3,MTP1,2,19235374,19239577,+,4203,protein_coding,Metal tolerance protein 1 [Source:UniProtKB/Swiss-Prot;Acc:Q9ZT63],3.895962952520956,4.054512659874297,6.684147985749045,4.507535901196622,4.222678460809748,2.7242977287849475,0.11535899070994848,0.43297412873573915,-1.5497609633919958,3
AT5G34930.1,,5,13233374,13235567,+,2193,protein_coding,arogenate dehydrogenase [Source:TAIR;Acc:AT5G34930],6.852575711551551,5.810334082645925,6.995218194704616,0,4.722529088400949,6.243716030316587,0.10388254165806589,0.41137179920900024,-1.5608889002024797,3
AT4G09840.2,,4,6190807,6191786,-,979,protein_coding,At4g09840 [Source:UniProtKB/TrEMBL;Acc:Q9SZ99],3.3586599662022834,3.0615633034164684,3.106619824651406,0,2.4376517496975074,2.2445593110416264,0.24162603885458528,NA,-1.5689339153453876,3
AT3G46640.3,PCL1,3,17183070,17185354,+,2284,protein_coding,Homeodomain-like superfamily protein [Source:UniProtKB/TrEMBL;Acc:F4J959],6.4935680048919755,7.796893828514869,6.917843794553975,6.0719617139563695,0,6.313198486349462,0.17302798028674932,0.5270453919782409,-1.5706895720620884,3
AT4G01440.2,,4,596397,598752,+,2355,protein_coding,WAT1-related protein At4g01440 [Source:UniProtKB/Swiss-Prot;Acc:Q9M130],4.725695124933475,6.088682403218766,5.10054003574834,3.953943136152674,4.3839920445877665,3.2345898270739544,0.0014998212746358283,0.030110676254488676,-1.575173321978675,3
AT1G21460.1,SWEET1,1,7511750,7513481,-,1731,protein_coding,Bidirectional sugar transporter SWEET1 [Source:UniProtKB/Swiss-Prot;Acc:Q8L9J7],4.003966155346151,3.473079788099641,3.741157802887507,2.0379303914211766,3.1261115420229997,1.5207800931441668,0.05171709152631742,NA,-1.5809365856049444,3
AT2G35620.4,FEI2,2,14961113,14965207,-,4094,protein_coding,LRR receptor-like serine/threonine-protein kinase FEI 2 [Source:UniProtKB/Swiss-Prot;Acc:C0LGL9],7.984572768663888,7.455600425088955,7.928868696703576,4.047259193246851,5.226706349416251,7.41887309391314,0.01719878439455522,0.1510105358571844,-1.5883264826756942,3
AT4G20240.2,CYP71A27,4,10931355,10934237,-,2882,protein_coding,"cytochrome P450, family 71, subfamily A, polypeptide 27 [Source:TAIR;Acc:AT4G20240]",6.13820136468244,5.306737305398031,5.737244462358369,5.002954515830486,3.1261115420229997,3.9089053425103435,0.03242780198898586,0.21974393069521497,-1.5994351964279303,3
AT3G43610.3,,3,15517576,15524096,-,6520,protein_coding,Spc97 / Spc98 family of spindle pole body (SBP) component [Source:UniProtKB/TrEMBL;Acc:A0A1I9LLJ3],6.977065909137394,5.1287904201680385,6.573170879814554,0,5.138992094319079,5.632442808923611,0.12236980406618214,0.4448938426977425,-1.609562189383932,3
AT5G17810.1,WOX12,5,5880424,5882753,-,2329,protein_coding,WUSCHEL-related homeobox 12 [Source:UniProtKB/Swiss-Prot;Acc:Q8GY25],3.185968080546225,3.3485100352690864,0.9647332386523769,1.6187273161543791,0,2.2445593110416264,0.1768154494523694,NA,-1.6131884739502498,3
AT3G59950.4,ATG4B,3,22144468,22147691,-,3223,protein_coding,Cysteine protease [Source:UniProtKB/TrEMBL;Acc:A0A178VJJ3],6.700354505152693,7.492864373370771,0,0,6.047876035861479,4.8128675247549175,0.26252369295226874,0.6333269239830287,-1.6133766835450145,3
AT5G28290.3,NEK3,5,10278671,10282614,-,3943,protein_coding,NEK3 [Source:UniProtKB/TrEMBL;Acc:A0A178UI68],5.453440900888461,6.029049068629441,6.038167877115767,5.093249177063089,0,4.550502994795874,0.06216070075653353,0.31425181146948566,-1.6254280165301742,3
AT5G21910.1,,5,7240659,7241746,+,1087,protein_coding,Putative uncharacterized protein [Source:UniProtKB/TrEMBL;Acc:Q5XV37],3.512872752684049,2.8933955920104397,3.257813758397973,1.6187273161543791,1.6820320743057928,2.2445593110416264,0.032202661347747484,NA,-1.6361618851796615,3
AT1G65060.1,4CL3,1,24167202,24171635,-,4433,protein_coding,4-coumarate--CoA ligase 3 [Source:UniProtKB/Swiss-Prot;Acc:Q9S777],9.111137721638924,8.71698529455505,8.138283421631387,6.92029713057435,6.680951828582628,7.503054896351785,1.070916270124333e-4,0.004395171171524019,-1.637132033651233,3
AT2G36010.1,E2F3,2,15119542,15123184,+,3642,protein_coding,E2F transcription factor 3 [Source:UniProtKB/TrEMBL;Acc:F4ILT1],4.903561770334352,5.523913285647467,6.079360671941228,0,4.99653084154936,3.9089053425103435,0.07025998102192449,0.33637200531280037,-1.6504586738312375,3
AT2G39490.1,,2,16486902,16488645,-,1743,protein_coding,F-box protein At2g39490 [Source:UniProtKB/Swiss-Prot;Acc:Q5S4V7],2.7625979464845534,4.132143129152561,0.9647332386523769,2.037930391421176,2.108756609092234,0.9521328612649705,0.1098427656647113,NA,-1.6887844544230257,3
AT4G21323.1,,4,11341963,11345718,+,3755,protein_coding,Subtilase family protein [Source:TAIR;Acc:AT4G21323],3.358659966202284,1.5044637728747368,2.746359132553953,0,2.108756609092234,1.5207800931441668,0.11418029926593422,NA,-1.689299788117437,3
AT5G53460.3,GLT1,5,21700202,21709736,+,9534,protein_coding,"Glutamate synthase 1 [NADH], chloroplastic [Source:UniProtKB/Swiss-Prot;Acc:Q9LV03]",10.94696808221144,10.757153496338205,10.738391647146827,8.929833615226716,9.480671285519128,8.877237727774999,4.0903353511978134e-19,5.787178679521032e-16,-1.6972911293930306,3
AT5G12360.2,PANS2,5,4000890,4002742,-,1852,protein_coding,Protein PATRONUS 2 [Source:UniProtKB/Swiss-Prot;Acc:Q94CK6],3.779215365141232,3.6939605685913364,4.102569480200594,2.850623441484944,2.930999933311362,0,0.03176083356797189,NA,-1.700943989259094,3
AT5G57860.3,,5,23437554,23439403,+,1849,protein_coding,At5g57860 [Source:UniProtKB/TrEMBL;Acc:Q8L8S0],6.114300944759057,0,6.437181701615182,4.369807068695123,0,4.8128675247549175,0.22715767628281963,0.5963894303876862,-1.7145901749784724,3
AT4G26810.2,,4,13492161,13492785,-,624,protein_coding,At4g26810 [Source:UniProtKB/TrEMBL;Acc:Q9SZ21],3.652181693117092,3.6939605685913364,3.2578137583979734,0,1.6820320743057928,3.0836978622602835,0.3027505236194867,NA,-1.7163974436733473,3
AT5G22800.2,EMB86,5,7615747,7620278,-,4531,protein_coding,"Alanyl-tRNA synthetase, class IIc [Source:TAIR;Acc:AT5G22800]",7.2644889025396076,8.149379106092388,7.452542536953899,6.588982033982507,5.599588989817443,5.396712874024257,1.3312804123528893e-5,8.189354701343335e-4,-1.732223474688464,3
AT5G16530.1,PIN5,5,5400640,5402845,+,2205,protein_coding,Auxin efflux carrier component [Source:UniProtKB/TrEMBL;Acc:A0A178UIR3],5.729975399151333,3.0615633034164684,5.484728497075132,4.047259193246851,3.1261115420229997,3.0836978622602835,0.031035985702308234,0.21387064025876698,-1.7440171209750026,3
AT3G51240.2,F3H,3,19025192,19026872,+,1680,protein_coding,"Naringenin,2-oxoglutarate 3-dioxygenase [Source:UniProtKB/Swiss-Prot;Acc:Q9S818]",11.002547314109947,10.653185598362153,9.966199345011876,8.235060712139601,8.846836675753462,9.279984885354155,5.393170117570897e-7,6.066075276173258e-5,-1.7543878230733503,3
AT4G37550.5,,4,17643335,17645584,+,2249,protein_coding,Acetamidase/Formamidase family protein [Source:TAIR;Acc:AT4G37550],4.1983774833946415,4.342733631600343,5.711273003041102,4.217528550093738,0,3.2345898270739544,0.06852485253768029,0.33160847631285717,-1.7555996912814436,3
AT3G21760.1,UGT71B2,3,7667027,7668724,+,1697,protein_coding,Glycosyltransferase (Fragment) [Source:UniProtKB/TrEMBL;Acc:W8PVD4],3.512872752684049,3.6939605685913364,3.2578137583979734,2.0379303914211766,1.6820320743057928,2.2445593110416264,0.011597678931051854,NA,-1.7583832697459953,3
AT2G23910.1,,2,10177781,10180088,+,2307,protein_coding,At2g23910 [Source:UniProtKB/TrEMBL;Acc:O82219],10.117367449421792,9.555378124587808,8.167229881998637,7.259474393669574,7.689425169293312,8.01672867386758,0.007211342442216815,0.08800079260619505,-1.8022213493963628,3
AT3G53560.1,,3,19859585,19861097,-,1512,protein_coding,Tetratricopeptide repeat (TPR)-like superfamily protein [Source:UniProtKB/TrEMBL;Acc:Q9LFG3],6.909234732873582,7.304510256958168,7.67039180056042,0,6.633597182596606,5.297336846510918,0.11633841943233242,0.4345101917234724,-1.8110694541114216,3
AT4G32200.2,ASY2,4,15548840,15555094,+,6254,protein_coding,Meiosis-specific protein ASY2 [Source:UniProtKB/Swiss-Prot;Acc:F4JTJ9],7.409019313862008,1.5044637728747368,2.265079909517326,1.6187273161543791,2.4376517496975074,5.428373142320395,0.21316395165166033,0.5787790185445175,-1.840283827431463,3
AT1G02820.1,LEA2,1,623656,624567,-,911,protein_coding,LEA3 [Source:UniProtKB/TrEMBL;Acc:A0A178WJ88],1.7287776314278425,2.2247762417604093,2.5256963289283503,0,1.0734075851791522,1.5207800931441668,0.2674378290308417,NA,-1.8424284861873983,3
AT1G19715.1,JAL3,1,6816702,6819542,-,2840,protein_coding,Jacalin-related lectin 3 [Source:UniProtKB/Swiss-Prot;Acc:F4HQX1],8.276038642508281,7.557606004362212,8.416626690455882,5.178223852651324,5.461774817588483,7.269555498563024,6.794051046626251e-4,0.01706894207807541,-1.8499232884321477,3
AT1G24270.1,,1,8607851,8608763,-,912,protein_coding,Putative uncharacterized protein [Source:UniProtKB/TrEMBL;Acc:Q5Q0F5],3.512872752684049,3.3485100352690864,2.9377056350499657,2.3623520708955166,1.6820320743057928,0.9521328612649705,0.05134521076033668,NA,-1.8603908110434657,3
AT3G52250.2,,3,19376138,19383369,+,7231,protein_coding,Duplicated homeodomain-like superfamily protein [Source:UniProtKB/TrEMBL;Acc:F4J6V1],6.9637524142587255,5.494819029805245,7.786879271254727,5.882377000674437,0,5.604998576428692,0.40206975185923777,0.7500651679028474,-1.8752937228918023,3
AT1G27630.4,CYCT1-3,1,9611103,9614336,+,3233,protein_coding,Cyclin-T1-3 [Source:UniProtKB/Swiss-Prot;Acc:Q8LBC0],4.1983774833946415,2.483617156311411,4.455324418422807,2.627046475243691,2.930999933311362,0,0.03041845501317937,0.21183091459572612,-1.8855477427034053,3
AT5G55730.2,FLA1,5,22558148,22560461,-,2313,protein_coding,Fasciclin-like arabinogalactan protein 1 [Source:UniProtKB/Swiss-Prot;Acc:Q9FM65],6.684210330655132,5.4038409867824,6.749409463680029,5.178223852651324,0,5.03478127282035,0.09162347105940484,0.38696341697076525,-1.8955884585946425,3
AT1G23950.1,,1,8469534,8471417,-,1883,protein_coding,UPF0725 protein At1g23950 [Source:UniProtKB/Swiss-Prot;Acc:Q9LR97],4.522774701274072,4.342733631600343,4.516592614106659,2.627046475243691,0,3.610790983613843,0.09385160544840791,0.39174441929454284,-1.9308536396507625,3
AT1G73066.1,,1,27481785,27484078,+,2293,protein_coding,Highly similar to receptor-like protein kinase [Source:UniProtKB/TrEMBL;Acc:Q9SSM0],2.989757764903248,3.0615633034164684,3.3946549046680525,2.037930391421176,1.0734075851791522,1.5207800931441668,0.026603810536582402,NA,-1.9661947719504231,3
AT5G17050.1,UGT78D2,5,5607788,5609589,-,1801,protein_coding,Glycosyltransferase (Fragment) [Source:UniProtKB/TrEMBL;Acc:W8PUE7],10.432103996858405,10.188215834453567,8.880015346420237,7.818312740260095,8.055583528112747,8.037407652432046,1.8591819330502127e-6,1.6827787449244383e-4,-2.0047348308666755,3
AT1G22680.1,,1,8024967,8026356,-,1389,protein_coding,T22J18.15 [Source:UniProtKB/TrEMBL;Acc:O80553],2.7625979464845534,2.2247762417604093,1.9467712125878611,1.6187273161543791,0,0.9521328612649705,0.174298519879577,NA,-2.0120456304488052,3
AT2G44350.4,CSY4,2,18316426,18320524,+,4098,protein_coding,"Citrate synthase 4, mitochondrial [Source:UniProtKB/Swiss-Prot;Acc:P20115]",10.598552050147013,10.653185598362153,10.670092482236308,8.585497419822422,8.678167919340629,8.617108227879111,3.0686520889234727e-12,1.6835001113151182e-9,-2.0163362336710975,3
AT5G54260.1,MRE11,5,22032038,22038052,+,6014,protein_coding,DNA repair and meiosis protein (Mre11) [Source:TAIR;Acc:AT5G54260],4.725695124933475,5.661184750087037,4.455324418422807,3.6311881343164103,3.716812934722182,0,0.025910080277705073,0.19417752384311898,-2.0428107418631227,3
AT2G26150.1,HSFA2,2,11135624,11137792,+,2168,protein_coding,Heat stress transcription factor A-2 [Source:UniProtKB/Swiss-Prot;Acc:O80982],4.522774701274072,3.7928911420385325,3.106619824651407,0,2.705312230842695,2.5042782043677394,0.09537146493646857,0.39552407657419086,-2.0545633711880944,3
AT2G33170.2,,2,14056250,14060791,-,4541,protein_coding,Probable leucine-rich repeat receptor-like protein kinase At2g33170 [Source:UniProtKB/Swiss-Prot;Acc:O49318],2.989757764903248,6.402453333496753,7.420842517089255,0,5.9737556317286735,0.9521328612649705,0.2315182952128034,0.6006828309922383,-2.0579917086248822,3
AT5G42900.3,COR27,5,17198117,17199793,-,1676,protein_coding,Cold regulated protein 27 [Source:UniProtKB/TrEMBL;Acc:Q8L8T7],6.530156816138463,6.433450690073371,5.684825420083234,4.047259193246851,4.596479490847074,3.9959993832693073,0.0026717359470143968,0.04517082121235284,-2.0840077423234185,3
AT2G31370.3,POSF21,2,13379037,13381485,+,2448,protein_coding,AT2G31370 protein [Source:UniProtKB/TrEMBL;Acc:B9DGB1],5.453440900888461,5.607833065061878,6.079360671941228,0,2.705312230842695,4.993045580420775,0.022404949862119453,0.1768839536544773,-2.1005784857081697,3
AT5G53060.3,RCF3,5,21515009,21517705,+,2696,protein_coding,RNA-binding KH domain-containing protein RCF3 [Source:UniProtKB/Swiss-Prot;Acc:Q8W4B1],4.448254655523664,6.236612679545459,5.544785974865358,4.295676029258063,0,3.9089053425103435,0.2339667964642289,0.6026464794149806,-2.107970662330391,3
AT5G61220.2,,5,24626057,24626923,-,866,protein_coding,At5g61220 [Source:UniProtKB/TrEMBL;Acc:Q8L9E3],2.1608243898719253,0.9400509454986081,2.52569632892835,1.0253974063678515,1.0734075851791522,0,0.19328249971000225,NA,-2.1296007733557505,3
AT3G23290.2,LSH4,3,8326628,8328557,+,1929,protein_coding,LSH4 [Source:UniProtKB/TrEMBL;Acc:A0A178VHD2],4.286566976059075,5.8337592996318755,4.575364531374196,2.627046475243691,3.1261115420229997,3.37118360863005,2.917458034537995e-4,0.009130047367223561,-2.132776513548803,3
AT4G24670.2,TAR2,4,12727531,12731331,-,3800,protein_coding,Tryptophan aminotransferase-related protein 2 [Source:UniProtKB/Swiss-Prot;Acc:Q94A02],7.882145194772505,6.724103737489685,8.123589442543272,0,6.84238798711482,4.8128675247549175,0.24008480960886075,0.6100842100092208,-2.132797312266245,3
AT2G26590.4,RPN13,2,11311004,11315096,-,4092,protein_coding,RPN13 [Source:UniProtKB/TrEMBL;Acc:A0A178VY31],6.456027048905739,6.6468591588604,7.157889435450942,6.219592958233797,0,0.9521328612649705,0.19351359863066728,0.5537866309792723,-2.138716943592709,3
AT3G01050.3,MUB1,3,13230,15906,+,2676,protein_coding,Membrane-anchored ubiquitin-fold protein 1 [Source:UniProtKB/Swiss-Prot;Acc:Q9MAB9],4.593633859566178,3.8854708755694816,4.180358500858131,2.627046475243691,1.6820320743057928,2.504278204367739,8.328092777949036e-4,0.01950137544049007,-2.1414183852805873,3
AT4G03620.1,,4,1607040,1608665,-,1625,protein_coding,Myosin heavy chain-like protein [Source:UniProtKB/TrEMBL;Acc:Q9SY40],1.7287776314278425,1.5044637728747368,2.52569632892835,1.0253974063678515,0,0.9521328612649705,0.21576834731580416,NA,-2.1520716150592,3
AT2G21210.1,,2,9085185,9085909,-,724,protein_coding,SAUR-like auxin-responsive protein family [Source:TAIR;Acc:AT2G21210],4.1983774833946415,4.406612295626786,4.180358500858131,2.037930391421176,2.4376517496975074,2.504278204367739,2.4658232475450125e-4,0.008183488955617905,-2.1636728489325603,3
AT4G17190.1,FPS2,4,9648467,9650912,-,2445,protein_coding,Farnesyl pyrophosphate synthase 2 [Source:UniProtKB/Swiss-Prot;Acc:Q43315],7.418809352895901,7.182092077529218,7.118908671757269,4.748890560855317,4.838445073287562,5.54849243333342,1.0249060902608868e-7,1.5478385122692786e-5,-2.1812149975523183,3
AT2G40080.1,ELF4,2,16734294,16734953,-,659,protein_coding,Protein EARLY FLOWERING 4 [Source:UniProtKB/Swiss-Prot;Acc:O04211],11.375502605424261,11.310612390711738,10.382934207910955,8.288596303426171,9.233122347477837,8.947207775865236,0.024147470418649366,0.1853604511119738,-2.2162337413018585,3
AT1G10640.1,,1,3515182,3518035,-,2853,protein_coding,Pectin lyase-like superfamily protein [Source:UniProtKB/TrEMBL;Acc:F4I5U6],6.161712282026544,6.164542760579038,6.405138562072835,2.8506234414849434,4.596479490847074,4.299729419558316,5.232948682982801e-7,5.935532763541926e-5,-2.22907541235559,3
AT2G46420.2,,2,19053686,19057096,+,3410,protein_coding,At2g46420/F11C10.11 [Source:UniProtKB/TrEMBL;Acc:Q9SKD8],5.11102280620708,6.029049068629441,0,1.0253974063678517,4.305588719917709,0.9521328612649705,0.10124283489933864,0.40687844038929905,-2.2484404259258755,3
AT3G13784.3,CWINV5,3,4528362,4530382,-,2020,protein_coding,"Beta-fructofuranosidase, insoluble isoenzyme CWINV5 [Source:UniProtKB/Swiss-Prot;Acc:Q9LIB9]",5.375150752732915,6.27134101519378,7.078845353291971,3.505281228700498,4.660880485693638,4.229579130884277,2.34734776419769e-4,0.007877828039595794,-2.264017392653712,3
AT1G11450.2,,1,3853467,3855385,+,1918,protein_coding,WAT1-related protein [Source:UniProtKB/TrEMBL;Acc:A0A178WNM5],5.665650779059369,6.620163726292979,5.860519806873064,0,5.387594356447352,1.5207800931441668,0.02873858458807448,0.20590368627308586,-2.2666469979006543,3
AT2G37540.2,,2,15752038,15753967,-,1929,protein_coding,NAD(P)-binding Rossmann-fold superfamily protein [Source:UniProtKB/TrEMBL;Acc:O80924],6.31636184059459,0,6.287027318897969,4.295676029258063,3.8331710358903854,0,0.0928619313890078,0.3897357968683477,-2.291132338980329,3
AT5G05270.1,CHI3,5,1563286,1565324,+,2038,protein_coding,Probable chalcone--flavonone isomerase 3 [Source:UniProtKB/Swiss-Prot;Acc:Q8VZW3],5.632379985744672,5.945498505084853,5.356549143964554,0,3.8331710358903854,4.155842704609608,0.001802710076962764,0.03422283573476822,-2.3055592889947985,3
AT3G17130.1,,3,5844277,5845220,-,943,protein_coding,Plant invertase/pectin methylesterase inhibitor superfamily protein [Source:UniProtKB/TrEMBL;Acc:Q9LSN4],3.652181693117092,4.526463477511256,1.5377459377206832,1.0253974063678517,1.0734075851791522,2.5042782043677394,0.03514567612603226,NA,-2.3566714831862043,3
AT5G15630.3,COBL4,5,5084604,5086792,+,2188,protein_coding,COBRA-like protein 4 [Source:UniProtKB/Swiss-Prot;Acc:Q9LFW3],5.453440900888462,5.523913285647468,5.974085734323398,3.854171251832479,1.6820320743057928,3.8162137980696804,2.683050493910435e-4,0.00867939390821905,-2.3682163086809513,3
AT3G22142.1,,3,7803492,7808046,-,4554,protein_coding,Bifunctional inhibitor/lipid-transfer protein/seed storage 2S albumin superfamily protein [Source:UniProtKB/TrEMBL;Acc:Q9LIE8],6.207614985700744,5.712633617560529,7.355273088474366,0,4.596479490847074,4.993045580420775,0.0033268488098017993,0.05258086037599898,-2.4070262424683326,3
AT2G40520.6,,2,16923350,16925914,+,2564,protein_coding,Nucleotidyltransferase family protein [Source:UniProtKB/TrEMBL;Acc:Q5BPR8],2.4928626068883792,3.2121590220539455,2.5256963289283503,1.6187273161543794,1.0734075851791522,0,0.047747223113557995,NA,-2.513596357826627,3
AT3G16400.1,NSP1,3,5566083,5568545,+,2462,protein_coding,Nitrile-specifier protein 1 [Source:UniProtKB/Swiss-Prot;Acc:Q9SDM9],6.37788098357036,4.835816961760421,6.099524241957136,3.505281228700498,3.590240314304666,3.37118360863005,6.930044635402948e-5,0.0031521736021810835,-2.5264589906901906,3
AT5G17450.2,HIPP21,5,5755222,5757003,+,1781,protein_coding,Heavy metal-associated isoprenylated plant protein 21 [Source:UniProtKB/Swiss-Prot;Acc:Q9LF57],3.3586599662022834,2.70300674632173,3.3946549046680525,1.6187273161543791,1.6820320743057928,0,0.013819816419951038,NA,-2.545817946565127,3
AT1G09890.1,,1,3214237,3217538,-,3301,protein_coding,Rhamnogalacturonate lyase family protein [Source:TAIR;Acc:AT1G09890],5.204542385499412,5.634755515488473,5.762756638185021,3.854171251832479,0,3.37118360863005,0.033600970530646826,0.22403208359672197,-2.5908447383799187,3
AT5G42900.1,COR27,5,17197641,17199793,-,2152,protein_coding,Cold regulated protein 27 [Source:UniProtKB/TrEMBL;Acc:Q8L8T7],7.46678715209767,7.182092077529218,6.60172568344223,4.855941890630502,4.660880485693638,4.155842704609608,0.011626106652373295,0.1190601901063234,-2.5916353115788047,3
AT2G23910.3,,2,10177781,10180088,+,2307,protein_coding,At2g23910 [Source:UniProtKB/TrEMBL;Acc:O82219],5.961933981317181,5.306737305398032,4.455324418422807,2.8506234414849434,3.8331710358903854,0,0.03003821930660336,0.21033795556137314,-2.6443098674748295,3
AT5G09976.1,,5,3118939,3120041,+,1102,protein_coding,FUNCTIONS IN: molecular_function unknown; INVOLVED IN: biological_process unknown; LOCATED IN: cellular_component unknown; BEST Arabidopsis thaliana protein match is: precursor of peptide 1 (TAIR:AT5G64900.1); Has 19 Blast hits to 19 proteins in 2 s /.../: Archae - 0; Bacteria - 0; Metazoa - 0; Fungi - 0; Plants - 19; Viruses - 0; Other Eukaryotes - 0 (source: NCBI BLink). [Source:TAIR;Acc:AT5G09976],2.4928626068883792,2.2247762417604093,2.5256963289283503,0,1.0734075851791522,0.9521328612649705,0.07345089464771923,NA,-2.677506534753674,3
AT3G19830.3,NTMC2TYPE5.2,3,6884711,6890441,-,5730,protein_coding,Calcium-dependent lipid-binding (CaLB domain) family protein [Source:UniProtKB/TrEMBL;Acc:B6ETT7],5.988472357686117,5.339836733502409,5.573902467674637,3.6311881343164103,3.716812934722182,0,2.5874561265710714e-6,2.1872954589460233e-4,-2.685755645529152,3
AT1G60200.4,,1,22200733,22205336,-,4603,protein_coding,Splicing factor PWI domain-containing protein / RNA recognition motif (RRM)-containing protein [Source:UniProtKB/TrEMBL;Acc:Q8VY15],6.295258364511283,5.58039863963024,7.5063948299831615,1.6187273161543794,5.497482078598995,0,0.08212073846237489,0.3661585157315578,-2.726409128551531,3
AT5G11950.2,LOG8,5,3854770,3856989,+,2219,protein_coding,Cytokinin riboside 5'-monophosphate phosphoribohydrolase [Source:UniProtKB/TrEMBL;Acc:A0A178UJ28],7.428533404864959,7.866690327887984,0,4.748890560855317,0,5.03478127282035,0.04041200716975173,0.24943806502985758,-2.8047862475730314,3
AT3G21560.1,UGT84A2,3,7595680,7597607,+,1927,protein_coding,UGT84A2 [Source:UniProtKB/TrEMBL;Acc:A0A384L2P1],10.759372103861926,10.16300704613015,8.683639701165387,7.362927121025474,7.142194343655429,7.387001329476086,1.9469724279008804e-5,0.001111221078701305,-2.805422240260274,3
AT1G77800.5,,1,29253367,29259889,+,6522,protein_coding,PHD finger family protein [Source:TAIR;Acc:AT1G77800],9.089848066859394,8.629343049119107,7.629374398880128,0,4.596479490847074,7.011877138560948,0.0061193423506914245,0.07874588849750448,-2.9064360532063596,3
AT5G17040.1,UGT78D4,5,5605284,5607128,-,1844,protein_coding,UDP-glycosyltransferase 78D4 [Source:UniProtKB/Swiss-Prot;Acc:Q9LFJ9],6.474919632019558,6.108024719680917,4.7890861567805665,2.627046475243691,3.1261115420229997,3.610790983613843,4.883596431165382e-6,3.5481307908807517e-4,-2.9095246370226464,3
AT5G48120.2,MMS19,5,19507757,19514868,-,7111,protein_coding,MMS19 nucleotide excision repair protein homolog [Source:UniProtKB/Swiss-Prot;Acc:Q0WVF8],7.8317375060479195,7.261972037754674,8.190916040297227,5.136362050033997,1.0734075851791522,5.262629831023532,1.0117907239838833e-5,6.569796676844143e-4,-3.1998842509681347,3
AT3G20810.5,JMJ30,3,7275688,7278418,+,2730,protein_coding,Lysine-specific demethylase JMJ30 [Source:UniProtKB/Swiss-Prot;Acc:Q8RWR1],5.961933981317181,5.687138515529223,4.020345890600543,2.627046475243691,2.4376517496975074,2.2445593110416264,0.005007833549020349,0.06871686645405008,-3.2530557531697473,3
AT5G03885.1,,5,1041881,1043519,+,1638,protein_coding,,1.1091829133441469,3.348510035269086,3.6346433676920804,1.0253974063678515,1.0734075851791522,0,0.015960890662019608,NA,-3.4088676626166596,3
AT2G36360.3,,2,15243413,15247695,-,4282,protein_coding,Galactose oxidase/kelch repeat superfamily protein [Source:TAIR;Acc:AT2G36360],5.375150752732915,3.473079788099641,0,1.0253974063678517,2.108756609092234,0,0.0992958217959936,0.40336964698342265,-3.5552092387962415,3
AT3G04220.1,,3,1109118,1112188,-,3070,protein_coding,Disease resistance protein (TIR-NBS-LRR class) family [Source:UniProtKB/TrEMBL;Acc:Q9M8X8],5.334352598875735,5.339836733502409,5.860519806873064,1.0253974063678515,2.705312230842695,0,5.928803042451748e-9,1.503566824407433e-6,-4.449106587797248,3
AT2G21940.1,SK1,2,9350543,9353231,+,2688,protein_coding,Shikimate kinase 1 [Source:UniProtKB/TrEMBL;Acc:F4IIJ2],1.109182913344147,7.154451387079071,0.9647332386523773,1.6187273161543794,1.0734075851791522,0.9521328612649705,NA,NA,-5.128996600652795,3
