ID,Gene,Chromosome,Start,End,Strand,Length,BioType,Description,Mock_1,Mock_2,Mock_3,Flg22_1,Flg22_2,Flg22_3,Flg22_vs_Mock_pvalue,Flg22_vs_Mock_padj,Flg22_vs_Mock_log2FoldChange,cl
AT2G45405.1,,2,18710344,18710770,+,426,protein_coding,,2.7625979464845534,1.909115617155277,2.7463591325539527,1.6451347266440306,1.0123034224110756,2.285737111160617,0.3173920231259324,NA,-1.0029050998795803,10
AT4G39170.2,SFH6,4,18240605,18243719,+,3114,protein_coding,Phosphatidylinositol/phosphatidylcholine transfer protein SFH6 [Source:UniProtKB/Swiss-Prot;Acc:F4JVA6],5.453440900888461,5.712633617560529,6.079360671941228,0,5.1937527642283365,5.510187062430714,0.48543224506059024,0.8752403418423143,-1.0040333414283704,10
AT1G32950.1,SBT3.4,1,11941396,11944824,+,3428,protein_coding,Subtilisin-like protease SBT3.4 [Source:UniProtKB/Swiss-Prot;Acc:F4HPF1],7.64417577405396,6.522636497270626,5.860519806873064,6.4458377744481705,6.111608311171989,4.2788490550450655,0.15674675028184182,0.6177030419449453,-1.006221147884751,10
AT4G15300.3,CYP702A2,4,8730723,8732748,-,2025,protein_coding,Cytochrome P450 like protein [Source:UniProtKB/TrEMBL;Acc:O23384],6.63466470440304,4.925765513389674,5.762756638185021,5.731465149303893,4.2711510215942194,4.349128783128886,0.06822064503779147,0.4350930073209419,-1.0094462818937076,10
AT4G21400.8,CRK28,4,11399131,11402180,-,3049,protein_coding,Cysteine-rich receptor-like protein kinase 28 [Source:UniProtKB/Swiss-Prot;Acc:O65405],5.665650779059369,5.272860617154841,2.52569632892835,2.6597936638251216,5.11125088572456,2.9603690990350424,0.31157473949988507,0.7775073521720517,-1.0104827929279456,10
AT4G16950.3,RPP5,4,9538724,9544501,-,5777,protein_coding,Disease resistance protein RPP5 [Source:UniProtKB/Swiss-Prot;Acc:F4JNB7],9.046302419115339,6.809287284229726,7.973254151267549,7.90913823255063,5.805420709059077,7.20284840939235,0.08683898346367924,0.48547254153648983,-1.0120810979596058,10
AT3G03800.2,SYP131,3,969238,971658,+,2420,protein_coding,Syntaxin of plants 131 [Source:UniProtKB/TrEMBL;Acc:A0A1I9LQP3],4.903561770334352,4.582850997235592,3.741157802887507,3.9904461552789368,3.1917257348581187,3.281148729751693,0.09644597053909862,0.5092456325675195,-1.0151495522439766,10
AT1G27120.1,GALT4,1,9421009,9424084,+,3075,protein_coding,Hydroxyproline O-galactosyltransferase GALT4 [Source:UniProtKB/Swiss-Prot;Acc:Q8GXG6],5.527700305848329,5.634755515488473,5.995764261179882,0,3.8301212627596493,6.021394755505676,0.2961895047349028,0.7675607565111816,-1.0182563021710718,10
AT3G05740.2,RECQL1,3,1698297,1701467,+,3170,protein_coding,ATP-dependent DNA helicase Q-like 1 [Source:UniProtKB/Swiss-Prot;Acc:Q9FT74],5.879257737072721,6.008610657827863,6.058911290067167,5.37252181166025,5.1937527642283365,4.127101662109477,0.03754068877826806,0.32356310094764934,-1.0187265473388716,10
AT2G26980.1,CIPK3,2,11514703,11518323,-,3620,protein_coding,Non-specific serine/threonine protein kinase [Source:UniProtKB/TrEMBL;Acc:F4IVM7],8.292106594371033,7.425080368179166,7.877246347020806,7.176168347634861,6.869781573605383,6.569797827429626,9.357471283072372e-5,0.006067410372919912,-1.0193177095911348,10
AT4G35985.3,P85,4,17032042,17033972,-,1930,protein_coding,"Senescence/dehydration-associated protein At4g35985, chloroplastic [Source:UniProtKB/Swiss-Prot;Acc:F4JNX2]",7.76422687038187,7.345830065668144,7.558309073780292,6.611962641753524,6.857179683318852,6.063810085828549,0.0013137859594365667,0.04084401610408177,-1.0262825925460946,10
AT4G02075.2,PIT1,4,913334,916509,-,3175,protein_coding,At4g02075 [Source:UniProtKB/TrEMBL;Acc:Q9XF50],5.061886852403118,3.473079788099641,4.975193766628013,3.8904962284416307,3.1917257348581187,3.8645785213751473,0.2999788999153169,0.7699715599584773,-1.0354888319309548,10
AT1G54730.9,,1,20424370,20430194,+,5824,protein_coding,Sugar transporter ERD6-like 5 [Source:UniProtKB/Swiss-Prot;Acc:Q3ECP7],5.988472357686117,4.582850997235592,0,4.332703338683257,1.6013438573119074,4.416143335573015,0.46783428176544634,0.8683182014217564,-1.0378383969118643,10
AT1G26880.2,RPL34A,1,9315383,9318277,-,2894,protein_coding,60S ribosomal protein L34-1 [Source:UniProtKB/Swiss-Prot;Acc:Q42351],4.104444098041156,3.5877432418836714,1.5377459377206828,2.067520312751234,2.341563519858522,2.9603690990350424,0.30550541022300387,0.773459184418662,-1.038228175908476,10
AT1G10095.3,,1,3297324,3300516,-,3192,protein_coding,Protein prenylyltransferase superfamily protein [Source:UniProtKB/TrEMBL;Acc:O80601],4.522774701274072,2.70300674632173,2.746359132553953,0,3.481724014703326,2.7685437932646573,0.4280254073342431,0.8495301980329826,-1.0433291951422994,10
AT5G15320.2,,5,4977535,4978880,+,1345,protein_coding,ATP synthase E chain [Source:UniProtKB/TrEMBL;Acc:Q8GXE7],6.456027048905739,7.2092131381747855,6.2149232917608215,4.8410179686120784,6.001397029557406,5.886110552220985,0.009413832995366356,0.14852381445100912,-1.044097310036408,10
AT5G23990.2,ATFRO5,5,8105461,8108642,-,3181,protein_coding,ferric reduction oxidase 5 [Source:TAIR;Acc:AT5G23990],11.13465035265823,10.363420849299072,10.293867086750886,10.241551364017715,9.737000848822463,8.099438758189638,0.07110142511262248,0.44297642767563794,-1.0448985971240485,10
AT1G13570.1,,1,4642124,4644422,-,2298,protein_coding,F-box/FBD/LRR-repeat protein At1g13570 [Source:UniProtKB/Swiss-Prot;Acc:Q9FZ70],5.011018218499521,3.6939605685913364,0,0,3.481724014703326,3.5434169845790517,0.601185186373212,0.9142238114278536,-1.0472854078856824,10
AT4G24800.4,,4,12781762,12785197,+,3435,protein_coding,ECIP1 [Source:UniProtKB/TrEMBL;Acc:A0A384KU64],5.15854023872204,4.582850997235592,0,0,4.022983513303598,3.765261905986231,0.6067000833317715,0.9154518335094024,-1.047759838020437,10
AT3G19010.2,,3,6556197,6557938,-,1741,protein_coding,2-oxoglutarate (2OG) and Fe(II)-dependent oxygenase superfamily protein [Source:UniProtKB/TrEMBL;Acc:Q9LJ65],6.357664683528938,5.4038409867824,5.322642303261075,5.296452695493671,4.193077404170673,4.541499825119826,0.040953172999782746,0.34029644879766074,-1.0481357545469652,10
AT2G44000.1,,2,18214089,18215571,+,1482,protein_coding,Late embryogenesis abundant (LEA) hydroxyproline-rich glycoprotein family [Source:UniProtKB/TrEMBL;Acc:O80570],4.787452844545965,5.580398639630241,5.684825420083235,4.8410179686120784,3.7230723979143843,4.416143335573015,0.021267574517000214,0.23693685604465423,-1.0499525864672556,10
AT2G37160.3,,2,15608808,15612934,+,4126,protein_coding,Transducin/WD40 repeat-like superfamily protein [Source:UniProtKB/TrEMBL;Acc:F4IQ10],5.375150752732916,7.652873113004693,6.859920062432417,5.731465149303893,6.252997515608301,5.510187062430714,0.34124504770210307,0.7998171727205764,-1.0501282543744945,10
AT5G09330.1,NAC082,5,2892338,2895480,-,3142,protein_coding,NAC domain-containing protein 82 [Source:UniProtKB/Swiss-Prot;Acc:Q9FY82],7.307281625055314,7.279138126455736,6.079360671941228,6.392026368027821,6.653613992897969,0,0.31653030981504504,0.7815876682148472,-1.0508890360303702,10
AT3G07530.3,,3,2400590,2404499,+,3909,protein_coding,Integrator complex subunit [Source:UniProtKB/TrEMBL;Acc:A0A1I9LM22],5.87925773707272,5.010433604218114,4.930868871040826,0,4.415662817786181,5.24120149533435,0.5371326668138596,0.8923728131932488,-1.0511307518354887,10
AT4G31450.2,,4,15255576,15258704,-,3128,protein_coding,AT4g31450/F3L17_20 [Source:UniProtKB/TrEMBL;Acc:Q944Q9],7.567037320461662,4.467782101105987,7.697102862911514,0,3.481724014703326,7.576903443394846,NA,NA,-1.0563453740074054,10
AT3G01100.2,HYP1,3,34658,38660,-,4002,protein_coding,hypothetical protein 1 [Source:TAIR;Acc:AT3G01100],6.895277218745829,5.4038409867824,6.372367527193293,5.611020061328064,4.3452155949217985,5.627946667249418,0.0608853881605056,0.4129444570856955,-1.0574861084019758,10
AT4G02550.5,,4,1120365,1122223,-,1858,protein_coding,unknown protein; BEST Arabidopsis thaliana protein match is: unknown protein (TAIR:AT4G02210.2); Has 350 Blast hits to 284 proteins in 18 species: Archae - 0; Bacteria - 0; Metazoa - 0; Fungi - 13; Plants - 331; Viruses - 0; Other Eukaryotes - 6 (so /.../NCBI BLink). [Source:TAIR;Acc:AT4G02550],5.988472357686117,5.166179056154761,4.7890861567805665,3.9904461552789368,0,5.510187062430714,0.55002397663899,0.8974908738903817,-1.0592856584736476,10
AT5G49940.2,NIFU2,5,20315398,20317401,+,2003,protein_coding,"NifU-like protein 2, chloroplastic [Source:UniProtKB/Swiss-Prot;Acc:Q93W20]",3.6521816931170914,3.0615633034164684,4.930868871040826,3.249609563511568,2.341563519858522,3.5434169845790513,0.16510538523975768,0.6307647225792216,-1.0602846136612465,10
AT5G01670.2,,5,251686,253972,+,2286,protein_coding,NAD(P)-linked oxidoreductase superfamily protein [Source:UniProtKB/TrEMBL;Acc:F4K9G7],3.3586599662022834,5.272860617154841,5.322642303261075,4.0839179337471005,4.724007764471898,0,0.2857563758981598,0.760072343109235,-1.0604285475643755,10
AT5G10710.2,,5,3378956,3382866,+,3910,protein_coding,Centromere protein O [Source:UniProtKB/TrEMBL;Acc:Q8GUP4],5.632379985744672,5.010433604218114,5.657883929815475,4.332703338683257,3.929772765766327,4.863044182206116,0.01842786493297462,0.21862893885537996,-1.0665338512594005,10
AT1G20060.10,,1,6950655,6956293,-,5638,protein_coding,ATP binding microtubule motor family protein [Source:TAIR;Acc:AT1G20060],5.729975399151333,5.090406988628779,3.933151394118153,0,4.022983513303598,5.043435810029179,0.41109848615140643,0.843989081568486,-1.0698940722716783,10
AT3G57940.2,,3,21449444,21455961,+,6517,protein_coding,RNA cytidine acetyltransferase 2 [Source:UniProtKB/Swiss-Prot;Acc:Q9M2Q4],7.540379903679499,6.5369791431276685,7.865519473652909,0,6.738516916410535,7.094495905969581,0.44890144149625416,0.8611704124013225,-1.0762202997926937,10
AT1G22310.1,MBD8,1,7881522,7883824,-,2302,protein_coding,Methyl-CpG-binding domain-containing protein 8 [Source:UniProtKB/Swiss-Prot;Acc:Q9LME6],0,6.832729366982607,5.252340027644286,1.6451347266440306,0,6.1251828027021675,0.49063408909917533,0.8768902716239193,-1.0813160293368422,10
AT4G31120.2,PMRT15,4,15132119,15136637,-,4518,protein_coding,Protein arginine N-methyltransferase 1.5 [Source:UniProtKB/Swiss-Prot;Acc:Q8GWT4],5.879257737072721,5.810334082645925,5.422061898940982,4.729729372252095,0,5.599395583507621,0.43551655120199395,0.8546393502284303,-1.0838386384697891,10
AT1G11160.2,,1,3733044,3739842,+,6798,protein_coding,Katanin p80 WD40 repeat-containing subunit B1 homolog [Source:UniProtKB/TrEMBL;Acc:F4I7E1],9.470104512323159,8.432431222508107,7.945673672370584,7.643470617619448,7.913143537743421,7.397826049310336,0.002325606532460888,0.059603548099437825,-1.0961910564088928,10
AT5G14420.4,RGLG2,5,4648081,4650876,-,2795,protein_coding,E3 ubiquitin-protein ligase RGLG2 [Source:UniProtKB/Swiss-Prot;Acc:Q9LY87],4.787452844545965,6.997362941541741,5.484728497075132,5.579269294840596,4.608452622997373,4.541499825119827,0.13097118438108932,0.5766478852088482,-1.0964716126751066,10
AT4G34020.3,DJ1C,4,16298265,16300581,-,2316,protein_coding,Protein DJ-1 homolog C [Source:UniProtKB/Swiss-Prot;Acc:Q8VY09],5.729975399151333,5.945498505084853,5.100540035748341,3.0784727421647258,3.7230723979143843,5.627946667249418,0.293546016108238,0.765668819928099,-1.0979140696578282,10
AT5G16230.2,S-ACP-DES3,5,5304891,5306068,+,1177,protein_coding,"Stearoyl-[acyl-carrier-protein] 9-desaturase 3, chloroplastic [Source:UniProtKB/Swiss-Prot;Acc:Q9LF05]",7.32821122221418,6.27134101519378,5.544785974865358,4.944333221282724,5.882064846289331,5.479181476732867,0.16737933818123577,0.634373905616009,-1.0980486270597276,10
AT3G44730.2,ATKP1,3,16283833,16291128,+,7295,protein_coding,Kinesin-like protein 1 [Source:UniProtKB/TrEMBL;Acc:A0A1I9LSV1],6.793600234004545,6.508149830078662,6.269336333260911,4.893600232609696,6.653613992897969,0,0.3091825862300042,0.7756841399810701,-1.1046568750581545,10
AT5G44530.2,,5,17937622,17941193,+,3571,protein_coding,Subtilase family protein [Source:TAIR;Acc:AT5G44530],5.414826829134901,5.372193769566747,4.631835645891565,3.5408770127637252,3.7230723979143843,4.763618158442554,0.09394125005673767,0.5041323271839193,-1.105728334190965,10
AT3G17660.3,AGD15,3,6037598,6039319,+,1721,protein_coding,ARF-GAP domain 15 [Source:UniProtKB/TrEMBL;Acc:A0A1I9LR18],4.003966155346151,4.275895027664374,0,3.5408770127637252,0,2.5472436773954037,0.4834356134907724,0.8745425719404597,-1.1111409818233808,10
AT5G62480.3,GSTU9,5,25088569,25089603,-,1034,protein_coding,Glutathione S-transferase U9 [Source:UniProtKB/Swiss-Prot;Acc:Q9FUT0],9.030426280274122,7.927833304312796,7.865519473652909,7.2686541514791765,7.508182846425649,6.988392509292587,0.0038043657059432198,0.08345425339773731,-1.113239985142498,10
AT2G03060.1,AGL30,2,901409,904149,+,2740,protein_coding,Agamous-like MADS-box protein AGL30 [Source:UniProtKB/Swiss-Prot;Acc:Q1PFA4],6.600663016443359,6.254081341748621,6.338834756878011,2.884268112884322,0,6.78791198996805,0.3999965900386042,0.838331798247014,-1.115428915893844,10
AT1G38065.1,,1,14289578,14292060,-,2482,protein_coding,,7.817005787866527,6.736585105171401,7.128753047541152,6.934079178848656,6.547800652838255,1.5548667465212254,0.3012093178097108,0.7706370970679437,-1.1205556793517166,10
AT5G55700.2,BAM4,5,22551739,22554702,+,2963,protein_coding,"Inactive beta-amylase 4, chloroplastic [Source:UniProtKB/Swiss-Prot;Acc:Q9FM68]",0,5.810334082645925,3.741157802887507,0,4.415662817786181,3.5434169845790513,0.5196871872927241,0.887998401955499,-1.1237429890203645,10
AT5G08535.4,,5,2762029,2763436,+,1407,protein_coding,D111/G-patch domain-containing protein [Source:UniProtKB/TrEMBL;Acc:Q8GXG0],4.003966155346151,4.925765513389674,4.254166913077102,0,3.481724014703326,4.2788490550450655,0.22437111515621225,0.7012182437084563,-1.1248545425543477,10
AT5G06645.1,,5,2040833,2041524,+,691,protein_coding,Gibberellin-regulated-like protein [Source:UniProtKB/TrEMBL;Acc:A0A1P8BCW1],7.80212208717831,6.976467370515103,5.78782549273853,5.731465149303893,6.7247088916274915,4.763618158442554,0.06306567877844316,0.4194047313064984,-1.1313219740852152,10
AT1G51200.2,SAP2,1,18984442,18986634,+,2192,protein_coding,Zinc finger A20 and AN1 domain-containing stress-associated protein 2 [Source:UniProtKB/Swiss-Prot;Acc:Q8H0X0],6.37788098357036,6.59296499752144,3.257813758397973,4.254446689789234,4.2711510215942194,5.627946667249418,0.1613563520527653,0.6242194823950471,-1.1317971751411344,10
AT4G14350.2,,4,8256060,8260650,-,4590,protein_coding,Non-specific serine/threonine protein kinase [Source:UniProtKB/TrEMBL;Acc:Q8L7S7],7.139810775765342,9.160795940951553,7.994945083939201,6.746696130888075,8.024407897852829,6.240610785023918,0.0362752233816445,0.31932912700919047,-1.1337232912391673,10
AT2G35990.1,LOG2,2,15113955,15116776,+,2821,protein_coding,Cytokinin riboside 5'-monophosphate phosphoribohydrolase LOG2 [Source:UniProtKB/Swiss-Prot;Acc:Q5BPS0],7.24260694408392,5.987878533630247,6.372367527193293,6.042140985679107,5.608959054134375,4.480182688212184,0.1375364976194735,0.5882630683797636,-1.1367775902338308,10
AT2G48100.6,,2,19670378,19673292,+,2914,protein_coding,Exonuclease family protein [Source:UniProtKB/TrEMBL;Acc:Q9ZU79],2.4928626068883792,7.500203039095316,7.088965966290589,4.254446689789234,6.955040983923395,2.2857371111606164,0.4230835608647958,0.8481959364002144,-1.1416106120704137,10
AT4G01995.3,,4,873025,874772,+,1747,protein_coding,Beta-carotene isomerase D27 [Source:UniProtKB/TrEMBL;Acc:Q8W4C4],4.369674741505485,4.63711726802711,4.516592614106659,3.9904461552789368,0,3.9574962225861006,0.12357117895555324,0.5647085836023239,-1.1544281707374282,10
AT4G35570.1,HMGB5,4,16887131,16888371,-,1240,protein_coding,High mobility group B protein 5 [Source:UniProtKB/Swiss-Prot;Acc:O49597],7.369180970946542,6.660023893299294,6.287027318897969,5.296452695493671,5.9548417959470825,5.762795581829901,0.008987069921296593,0.14378648824626072,-1.1582465667425146,10
AT5G05085.1,,5,1503155,1504510,-,1355,protein_coding,Transmembrane protein [Source:UniProtKB/TrEMBL;Acc:A0A1R7T3C4],5.15854023872204,4.788648320166237,4.738550089003114,2.3938393620681246,3.481724014703326,4.656829463156757,0.08554590219534448,0.48257430287591463,-1.1612106396689101,10
AT2G28755.2,,2,12334019,12334788,-,769,protein_coding,UDP-D-glucuronate carboxy-lyase-related [Source:TAIR;Acc:AT2G28755],4.003966155346151,2.70300674632173,3.3946549046680525,2.3938393620681246,2.8283827040465024,1.966097746181624,0.09783644544485613,0.5120278538742152,-1.1654409601708622,10
AT2G14920.1,SOT10,2,6418199,6419236,+,1037,protein_coding,Cytosolic sulfotransferase 10 [Source:UniProtKB/Swiss-Prot;Acc:O82330],6.295258364511283,5.786522220894477,5.515069727533446,4.60913305096677,5.271790812739634,4.204969600544553,0.0048384064181143955,0.09736250156451316,-1.165581913239761,10
AT1G30370.1,,1,10719065,10720843,-,1778,protein_coding,DLAH [Source:UniProtKB/TrEMBL;Acc:A0A178W2K8],8.049028606879208,7.778904028156434,8.764793283896497,7.088665675520894,7.153612271193018,7.042419413250558,5.779812417605031e-6,7.163642726970554e-4,-1.1706538039124992,10
AT1G48310.2,CHR18,1,17848620,17853915,-,5295,protein_coding,chromatin remodeling factor18 [Source:TAIR;Acc:AT1G48310],4.369674741505486,4.881492133434249,5.389677356129729,4.406932605060761,0,4.349128783128886,0.3648887081906874,0.8145469697356371,-1.1706711818736848,10
AT2G13370.2,CHR5,2,5544054,5556560,-,12506,protein_coding,Protein CHROMATIN REMODELING 5 [Source:UniProtKB/Swiss-Prot;Acc:F4IV99],4.003966155346152,6.463796030298838,4.516592614106659,4.406932605060761,4.547008032440521,3.765261905986231,0.12018941860903314,0.5584979768841452,-1.1763044171375225,10
AT2G40340.6,DREB2C,2,16848389,16850487,-,2098,protein_coding,Integrase-type DNA-binding superfamily protein [Source:TAIR;Acc:AT2G40340],9.382768801615489,7.191189198373138,8.19560696145221,8.283803800769062,6.805641631624126,6.063810085828549,0.061455617766351764,0.4139055804888866,-1.1792270185704943,10
AT1G49540.1,ELP2,1,18333640,18337520,-,3880,protein_coding,Elongator protein 2 [Source:UniProtKB/TrEMBL;Acc:F4I1S8],5.665650779059369,5.945498505084853,6.177473271310104,0,3.8301212627596493,6.084559105099063,0.4994652626057159,0.8799266331020134,-1.1816125287510881,10
AT4G12990.7,,4,7594358,7596008,-,1650,protein_coding,At4g12990 [Source:UniProtKB/TrEMBL;Acc:Q9SV70],5.061886852403118,3.9724661986315115,2.7463591325539527,4.332703338683257,2.341563519858522,0,0.38855643315975485,0.831959427630637,-1.1870791555768776,10
AT4G29550.1,,4,14502212,14503847,+,1635,protein_coding,UPF0725 protein At4g29550 [Source:UniProtKB/Swiss-Prot;Acc:Q8LFV1],4.003966155346151,2.2247762417604084,3.106619824651406,3.402581380531236,0,1.554866746521225,0.47236336622621083,0.869803871299309,-1.1944900031834857,10
AT5G50130.2,,5,20389922,20393255,+,3333,protein_coding,NAD(P)-binding Rossmann-fold superfamily protein [Source:UniProtKB/TrEMBL;Acc:Q8RWK2],4.104444098041156,3.6939605685913364,0,1.0453628119256622,3.6074392270915814,0,0.50236236948195645,0.8809661511024279,-1.1971800143309768,10
AT1G78470.1,,1,29521770,29523191,+,1421,protein_coding,F-box/LRR protein [Source:UniProtKB/TrEMBL;Acc:Q9SYN4],1.7287776314278425,2.7030067463217295,2.265079909517326,0,2.341563519858522,0.9774872469461261,0.4453604154443059,NA,-1.210941794901444,10
AT3G15980.5,,3,5411292,5418493,-,7201,protein_coding,Coatomer subunit beta' [Source:UniProtKB/TrEMBL;Acc:F4J1E5],3.8959629525209563,5.762310736343834,4.631835645891565,3.783102892111799,4.778490180056465,0,0.32675179830267687,0.7901791092339016,-1.2174127394858707,10
AT5G05180.2,,5,1536057,1538519,+,2462,protein_coding,Gb [Source:UniProtKB/TrEMBL;Acc:Q9FHK5],6.207614985700744,6.433450690073371,3.394654904668053,4.5448310446991815,5.667872996736208,0,0.40332457092882157,0.8399251744345968,-1.2178203859397951,10
AT3G44735.1,PSK6,3,16291147,16292362,-,1215,protein_coding,Putative phytosulfokines 6 [Source:UniProtKB/Swiss-Prot;Acc:Q8LA14],2.160824389871925,0,4.020345890600543,0,2.6054102972499362,1.966097746181624,0.4782975562917415,NA,-1.2242901681894929,10
AT2G37150.10,,2,15603540,15608568,-,5028,protein_coding,RING/U-box superfamily protein [Source:UniProtKB/TrEMBL;Acc:F4IQ07],6.33716106413798,6.698812310251034,6.2149232917608215,5.702283400490169,0,5.886110552220985,0.2766486024777155,0.7523000151114763,-1.2291074707753034,10
AT2G47410.5,,2,19448307,19457303,+,8996,protein_coding,WD40/YVTN repeat-like-containing domain;Bromodomain [Source:TAIR;Acc:AT2G47410],6.747730582551388,8.381680283028333,8.063269577433381,7.248608038595884,4.415662817786181,7.021050820931187,0.14909686771533606,0.6065981363382216,-1.2327879039325815,10
AT5G52670.1,,5,21363486,21364401,+,915,protein_coding,Copper transport protein family [Source:UniProtKB/TrEMBL;Acc:Q9LTF0],5.729975399151333,4.637117268027111,5.178435655761623,4.0839179337471005,4.2711510215942194,3.765261905986231,0.014247055009538583,0.188955614522815,-1.2403942282347367,10
AT1G13880.3,,1,4748873,4751212,+,2339,protein_coding,ELM2 domain-containing protein [Source:TAIR;Acc:AT1G13880],8.344409626898702,8.235444122290811,8.113709648110634,6.042140985679107,7.262746637182219,7.347209437468264,1.784732625389321e-5,0.0017298320266359952,-1.2446205187283867,10
AT1G19400.4,,1,6712038,6714252,-,2214,protein_coding,Erythronate-4-phosphate dehydrogenase family protein [Source:UniProtKB/TrEMBL;Acc:Q8VYC6],5.204542385499412,3.8854708755694816,4.975193766628013,3.8904962284416307,3.6074392270915814,3.2811487297516924,0.07136406041554123,0.4436243627172668,-1.2450511508060778,10
AT3G46150.1,,3,16949531,16950145,-,614,protein_coding,Uncharacterized protein F12M12_120 [Source:UniProtKB/TrEMBL;Acc:Q9LX80],1.7287776314278425,2.483617156311411,3.933151394118153,1.0453628119256622,1.0123034224110756,2.9603690990350424,0.26195095443943883,NA,-1.2523981095178751,10
AT1G47410.1,,1,17394428,17395673,+,1245,protein_coding,At1g47410 [Source:UniProtKB/TrEMBL;Acc:Q9SX76],4.846675056471126,4.835816961760421,4.686179335206145,3.0784727421647258,4.415662817786181,2.7685437932646573,0.08592410967948064,0.4834914094479575,-1.2531938716613449,10
AT4G22540.4,ORP2A,4,11860444,11864378,-,3934,protein_coding,ORP2A [Source:UniProtKB/TrEMBL;Acc:A0A178UYT2],5.850611506839511,6.1459483449026004,4.975193766628013,5.788115396637925,0,3.6585994201632306,0.22740955373182198,0.7037084632768521,-1.254904541519653,10
AT2G45243.1,,2,18660696,18661296,+,600,protein_coding,,2.7625979464845534,2.483617156311411,1.5377459377206828,1.6451347266440306,1.6013438573119074,0.9774872469461261,0.27800644808883573,NA,-1.2555792906158276,10
AT1G63990.1,SPO11-2,1,23742842,23745385,-,2543,protein_coding,Meiotic recombination protein SPO11-2 [Source:UniProtKB/Swiss-Prot;Acc:Q9M4A1],4.286566976059075,3.7928911420385325,3.5196335731144552,2.884268112884322,3.0214626181219977,2.285737111160617,0.03746914016441498,0.32356310094764934,-1.262102082077616,10
AT1G72416.1,,1,27258747,27260521,-,1774,protein_coding,Chaperone DnaJ-domain superfamily protein [Source:UniProtKB/TrEMBL;Acc:B3H5X6],7.163295692125745,5.090406988628778,6.233289947143181,5.334988558434234,5.023743360066366,5.085217278963407,0.05719740174649448,0.40090721819799946,-1.2627362359656022,10
AT5G14400.4,CYP724A1,5,4643510,4645555,+,2045,protein_coding,"cytochrome P450, family 724, subfamily A, polypeptide 1 [Source:TAIR;Acc:AT5G14400]",1.1091829133441469,1.5044637728747368,1.5377459377206828,1.0453628119256622,1.0123034224110756,0,0.47193108778896875,NA,-1.2645498819289511,10
AT2G29620.5,,2,12662741,12665828,-,3087,protein_coding,Dentin sialophosphoprotein [Source:UniProtKB/TrEMBL;Acc:O82393],7.139810775765342,5.856810227768167,5.657883929815475,6.042140985679107,5.271790812739634,0,0.3688917506395796,0.8170054072396122,-1.265570246347347,10
AT5G17460.1,,5,5757073,5759817,-,2744,protein_coding,Glutamyl-tRNA (Gln) amidotransferase subunit C [Source:UniProtKB/TrEMBL;Acc:Q949X1],10.006500152794061,8.877752070747073,9.452244159820987,8.692746272845866,7.508182846425649,8.321079529608197,0.0024533714081445028,0.06171288734911248,-1.2667736325468753,10
AT5G10650.2,,5,3364972,3368082,-,3110,protein_coding,At5g10650 [Source:UniProtKB/TrEMBL;Acc:Q5XEP8],7.399162386069264,6.736585105171401,7.404727420622542,5.9458292083716175,6.638964712289566,4.656829463156757,0.007565650978348409,0.1292203960698276,-1.268243037141647,10
AT4G32850.3,nPAP,4,15849780,15854709,+,4929,protein_coding,nuclear poly(a) polymerase [Source:TAIR;Acc:AT4G32850],3.6521816931170914,4.275895027664374,3.257813758397973,0,3.1917257348581187,3.1296561776994576,0.2872329647782714,0.7610369444196141,-1.2727675524286524,10
AT2G02300.1,PP2B5,2,606182,607919,-,1737,protein_coding,F-box protein PP2-B5 [Source:UniProtKB/Swiss-Prot;Acc:Q9ZVR1],7.3892376492143566,6.164542760579038,6.2693363332609104,5.702283400490169,5.778940314730937,4.656829463156757,0.002218344707231894,0.05829085703027446,-1.276262770122799,10
AT3G08970.2,ERDJ3A,3,2737453,2740530,+,3077,protein_coding,TMS1 [Source:UniProtKB/TrEMBL;Acc:A0A178VJB6],4.003966155346152,8.017507032984893,8.093744737828683,7.76840009075734,2.0184160092887753,2.5472436773954037,NA,NA,-1.278523021246173,10
AT2G28210.2,ATACA2,2,12029694,12033013,+,3319,protein_coding,ATACA2 [Source:UniProtKB/TrEMBL;Acc:A0A178VW72],6.13820136468244,3.473079788099641,5.252340027644286,4.171700441259255,3.8301212627596493,4.204969600544553,0.0540436804138039,0.3909725919473818,-1.2827632531785014,10
AT2G44250.2,,2,18293868,18295536,+,1668,protein_coding,Protein of Unknown Function (DUF239) [Source:TAIR;Acc:AT2G44250],2.1608243898719253,2.8933955920104397,2.52569632892835,1.0453628119256622,2.0184160092887753,1.554866746521225,0.18794548859838903,NA,-1.2829862121348328,10
AT3G66658.1,ALDH22A1,3,2095105,2099137,-,4032,protein_coding,Aldehyde dehydrogenase 22A1 [Source:UniProtKB/Swiss-Prot;Acc:Q0WSF1],6.838056314768648,7.401759006015962,4.455324418422807,1.6451347266440306,6.346127170989371,5.381954149893253,0.23281142714153627,0.7093339115405771,-1.29529703212357,10
AT1G15120.2,,1,5202648,5204193,+,1545,protein_coding,Ubiquinol-cytochrome C reductase hinge protein [Source:UniProtKB/TrEMBL;Acc:F4HXY8],7.428533404864959,7.097528697510782,7.088965966290589,4.47752880713773,5.153091488116115,6.954977754238358,0.044645548379908646,0.3546633414525917,-1.3033522015593089,10
AT4G25470.1,DREB1C,4,13015250,13016235,-,985,protein_coding,C-repeat binding factor 2 [Source:UniProtKB/TrEMBL;Acc:B2BIW9],4.003966155346151,2.2247762417604093,4.324382351515297,2.067520312751234,3.0214626181219977,2.5472436773954037,0.17864171618781066,0.6509485541922461,-1.3107877074028866,10
AT4G11390.1,,4,6927825,6930378,+,2553,protein_coding,Cysteine/Histidine-rich C1 domain family protein [Source:TAIR;Acc:AT4G11390],4.661175041237853,3.212159022053945,0,1.6451347266440306,2.0184160092887753,3.1296561776994567,0.2529099464253596,0.7318450939380937,-1.3125909027894613,10
AT5G57000.2,,5,23063715,23065333,-,1618,protein_coding,At5g57000 [Source:UniProtKB/TrEMBL;Acc:Q9LTS1],5.988472357686117,4.968720588965021,5.711273003041102,5.409103305901665,0,4.127101662109477,0.17899421136693044,0.6512455073809991,-1.3158163347602352,10
AT1G17200.2,,1,5879365,5880041,+,676,protein_coding,CASP-like protein [Source:UniProtKB/TrEMBL;Acc:A0A178W560],5.204542385499412,3.972466198631512,3.257813758397973,0,2.6054102972499362,4.2788490550450655,0.20278158526772408,0.6771985859068017,-1.3172595300444956,10
AT4G19925.1,,4,10799732,10800792,-,1060,protein_coding,Toll-Interleukin-Resistance (TIR) domain family protein [Source:UniProtKB/TrEMBL;Acc:F4JU10],2.4928626068883792,3.473079788099641,1.9467712125878613,1.6451347266440308,1.6013438573119074,1.966097746181624,0.16301266767867734,NA,-1.3213869743663598,10
AT1G72820.2,,1,27402878,27404673,+,1795,protein_coding,At1g72820/F3N23_2 [Source:UniProtKB/TrEMBL;Acc:Q9SSP4],6.161712282026543,6.889720377343469,0,5.672499177886628,1.0123034224110756,4.656829463156757,0.4185708517688658,0.8465117461374367,-1.3228457272896048,10
AT2G38780.11,,2,16210839,16215364,+,4525,protein_coding,unknown protein; FUNCTIONS IN: molecular_function unknown; INVOLVED IN: biological_process unknown; LOCATED IN: chloroplast; EXPRESSED IN: 21 plant structures; EXPRESSED DURING: 13 growth stages; Has 58 Blast hits to 58 proteins in 23 species: Archa /.../ Bacteria - 4; Metazoa - 1; Fungi - 0; Plants - 44; Viruses - 0; Other Eukaryotes - 9 (source: NCBI BLink). [Source:TAIR;Acc:AT2G38780],4.286566976059075,3.587743241883671,3.741157802887507,0,2.341563519858522,3.7652619059862307,0.40584004408854424,0.8403341915918284,-1.3240571190676127,10
AT3G51360.7,,3,19064227,19066734,-,2507,protein_coding,Eukaryotic aspartyl protease family protein [Source:UniProtKB/TrEMBL;Acc:A0A1I9LQZ6],6.651369685661841,4.739885231792119,6.079360671941228,4.8410179686120784,5.638716731006946,0,0.17665008319282233,0.6479605426439281,-1.3267669120226753,10
AT1G73150.2,GTE3,1,27504045,27506186,-,2141,protein_coding,GTE3 [Source:UniProtKB/TrEMBL;Acc:A0A178W401],5.527700305848329,6.71151344515508,5.2879193502807995,1.0453628119256622,6.2139945067567,0,0.3778593284267271,0.8242830597075039,-1.3320701553927154,10
AT5G47455.6,,5,19250722,19252364,+,1642,protein_coding,unknown protein; BEST Arabidopsis thaliana protein match is: unknown protein (TAIR:AT4G17310.2); Has 132 Blast hits to 132 proteins in 13 species: Archae - 0; Bacteria - 0; Metazoa - 0; Fungi - 0; Plants - 132; Viruses - 0; Other Eukaryotes - 0 (sou /.../CBI BLink). [Source:TAIR;Acc:AT5G47455],4.593633859566178,4.275895027664374,4.180358500858131,2.3938393620681246,3.481724014703326,3.281148729751693,0.08028391652311136,0.46850683036018176,-1.3349586991998956,10
AT2G45490.2,AUR3,2,18747509,18749178,-,1669,protein_coding,AUR3 [Source:UniProtKB/TrEMBL;Acc:A0A178VSR7],1.7287776314278425,4.054512659874297,4.930868871040826,0,3.1917257348581187,3.5434169845790513,0.21202887788919475,0.6885162182418542,-1.335197887817367,10
AT4G12020.2,WRKY19,4,7201656,7209672,+,8016,protein_coding,Probable WRKY transcription factor 19 [Source:UniProtKB/Swiss-Prot;Acc:Q9SZ67],9.020816054134535,5.2381692849912795,0,3.0784727421647258,0,7.7361868745524776,0.5979005394952577,0.912842952588214,-1.3372130833697982,10
AT2G35900.3,,2,15069921,15071781,-,1860,protein_coding,Mal d 1-associated protein [Source:UniProtKB/TrEMBL;Acc:Q9SJ60],4.787452844545965,6.736585105171401,5.602442937139302,3.402581380531236,5.57857463181104,3.957496222586101,0.1542555675971166,0.6134089585410041,-1.344375056597965,10
AT5G04800.3,RPS17D,5,1388486,1389865,+,1379,protein_coding,40S ribosomal protein S17-4 [Source:UniProtKB/Swiss-Prot;Acc:Q9LZ17],4.522774701274072,6.4787326549212265,7.780648683389392,3.6670676531923707,4.482829643422321,6.584439852954307,0.09003589148797995,0.4935411656496686,-1.3612046671836817,10
AT5G12280.1,,5,3972014,3973636,-,1622,protein_coding,SWAP (Suppressor-of-White-APricot)/surp RNA-binding domain-containing protein [Source:UniProtKB/TrEMBL;Acc:Q94CL4],4.725695124933475,4.275895027664374,3.6346433676920804,3.0784727421647258,2.8283827040465024,3.1296561776994576,0.011483092979892175,0.16856122814344116,-1.3621922593080529,10
AT2G20850.2,SRF1,2,8975313,8979437,-,4124,protein_coding,Protein STRUBBELIG-RECEPTOR FAMILY 1 [Source:UniProtKB/Swiss-Prot;Acc:Q06BH3],3.6521816931170914,5.128790420168038,5.657883929815475,0,4.547008032440521,3.9574962225861006,0.32061602431219155,0.7850328196686013,-1.3645060872910961,10
AT4G13350.2,NIG,4,7769716,7773827,-,4111,protein_coding,NIG [Source:UniProtKB/TrEMBL;Acc:A0A178V2M7],5.761093226608461,4.467782101105987,5.484728497075132,0,4.608452622997373,4.541499825119826,0.16201802953992198,0.6252806593335292,-1.3661225561975507,10
AT1G54180.1,BRXL3,1,20227291,20230237,+,2946,protein_coding,Protein Brevis radix-like 3 [Source:UniProtKB/Swiss-Prot;Acc:Q5HZ09],5.11102280620708,5.607833065061877,5.215861023745286,2.6597936638251216,2.8283827040465024,5.125822706122361,0.03777828371538477,0.3246788620020728,-1.3667131777089934,10
AT3G60260.3,,3,22274505,22277276,+,2771,protein_coding,ELMO/CED-12 family protein [Source:UniProtKB/TrEMBL;Acc:Q8VZ78],7.32821122221418,6.620163726292979,5.836693052106834,0,6.290973781837515,5.479181476732867,0.2695513847354895,0.7460873357535373,-1.372254492829728,10
AT4G39220.2,RER1A,4,18263599,18265771,+,2172,protein_coding,Protein RER1A [Source:UniProtKB/Swiss-Prot;Acc:O48670],3.3586599662022834,3.0615633034164684,4.020345890600543,2.3938393620681246,2.341563519858522,2.285737111160617,0.2576988858316427,NA,-1.3848151074968504,10
AT3G18780.3,ACT2,3,6475113,6477204,+,2091,protein_coding,Actin-2 [Source:UniProtKB/Swiss-Prot;Acc:Q96292],7.4948261879802365,6.867193405358627,7.460359891168136,0,6.682473716055018,6.295036686241082,0.13085445417233807,0.5764964007268578,-1.3905070898862804,10
AT1G28330.3,DRM1,1,9933909,9935264,-,1355,protein_coding,Dormancy-associated protein 1 [Source:UniProtKB/Swiss-Prot;Acc:B9DGG8],5.79155401328417,0,6.894952612600948,4.171700441259255,4.724007764471898,4.60031677477828,0.21412484281228308,0.6909933818000447,-1.391111715424439,10
AT5G14060.1,AK2,5,4535367,4539323,+,3956,protein_coding,Aspartokinase [Source:UniProtKB/TrEMBL;Acc:A0A178UPF4],8.509266653927279,7.455600425088955,8.08365771008188,7.604569009679749,6.8444667452545245,0,0.1623226452332232,0.6258736383243519,-1.394260926722365,10
AT4G38950.2,KIN7F,4,18154395,18160158,-,5763,protein_coding,Kinesin-like protein KIN-7F [Source:UniProtKB/Swiss-Prot;Acc:F4JUI9],0,5.166179056154761,5.215861023745286,3.890496228441631,3.8301212627596493,0,0.4393814216527103,0.8564171684064371,-1.3970246501316228,10
AT2G37150.2,,2,15603540,15608568,-,5028,protein_coding,RING/U-box superfamily protein [Source:UniProtKB/TrEMBL;Acc:F4IQ07],0,5.580398639630241,5.252340027644286,4.944333221282724,1.6013438573119074,0,0.4652308758090307,0.8669519766030909,-1.4034189932072534,10
AT1G59312.2,,1,21839363,21842173,+,2810,protein_coding,Inositol-pentakisphosphate 2-kinase [Source:UniProtKB/TrEMBL;Acc:Q93WB3],6.184846188845222,3.972466198631512,5.389677356129729,4.171700441259255,4.022983513303598,4.044789892814435,0.014750565744748423,0.1929159839361272,-1.406506009829488,10
AT1G58643.2,,1,21766847,21769657,+,2810,protein_coding,Inositol-pentakisphosphate 2-kinase [Source:UniProtKB/TrEMBL;Acc:Q93WB3],6.184846188845222,3.972466198631512,5.389677356129729,4.171700441259255,4.022983513303598,4.044789892814435,0.014750565744748423,0.1929159839361272,-1.406506009829488,10
AT1G64310.1,PCMP-E65,1,23866053,23867711,+,1658,protein_coding,Putative pentatricopeptide repeat-containing protein At1g64310 [Source:UniProtKB/Swiss-Prot;Acc:Q9C7V5],3.1859680805462256,3.7928911420385325,2.746359132553953,0,3.0214626181219977,1.966097746181624,0.14286889920528434,0.5974948525177151,-1.4070981793829385,10
AT2G35510.3,SRO1,2,14916690,14920482,-,3792,protein_coding,Probable inactive poly [ADP-ribose] polymerase SRO1 [Source:UniProtKB/Swiss-Prot;Acc:O82289],4.003966155346151,5.1287904201680385,3.6346433676920804,3.5408770127637252,3.7230723979143843,0,0.16793073805052056,0.6349767688354659,-1.411777761607205,10
AT5G26610.2,,5,9375161,9377168,+,2007,protein_coding,At5g26610 [Source:UniProtKB/TrEMBL;Acc:Q147M4],4.593633859566178,3.8854708755694816,4.324382351515297,4.0839179337471005,2.6054102972499362,0,0.28348609426150523,0.7579924576516822,-1.4153944362428943,10
AT5G09410.1,EICBP.B,5,2921261,2927416,+,6155,protein_coding,Ethylene induced calmodulin binding protein [Source:UniProtKB/TrEMBL;Acc:F4KCL4],7.0418505697952964,7.981255025492248,8.17675106143663,7.248608038595884,6.609212203053528,2.285737111160617,0.15651438030857032,0.6175692783241813,-1.4158794323740884,10
AT1G48090.5,,1,17732010,17758444,-,26434,protein_coding,calcium-dependent lipid-binding family protein [Source:TAIR;Acc:AT1G48090],7.99769637363244,2.70300674632173,9.133277962247583,1.0453628119256622,7.586616675590183,6.8498227513955,0.4163362722338873,0.8456513168809671,-1.4201340783527416,10
AT2G33680.6,,2,14249303,14251853,+,2550,protein_coding,Tetratricopeptide repeat (TPR)-like superfamily protein [Source:TAIR;Acc:AT2G33680],4.958290224869542,6.182900565392321,6.038167877115767,4.8410179686120784,5.153091488116115,0,0.3996252385896108,0.8379924059090873,-1.4202742621062845,10
AT1G14685.4,BPC2,1,5042535,5045556,+,3021,protein_coding,BPC2 [Source:UniProtKB/TrEMBL;Acc:A0A178W364],4.725695124933475,4.526463477511256,3.8403460534702316,0,3.0214626181219977,4.044789892814435,0.26457815451408584,0.7416290089156468,-1.42072735666368,10
AT4G30130.2,,4,14734455,14738335,+,3880,protein_coding,DUF630 family protein (DUF630 and DUF632) [Source:UniProtKB/TrEMBL;Acc:Q9SZW6],6.184846188845222,3.0615633034164684,4.738550089003114,3.249609563511568,4.977915165512943,0,0.32863316526976005,0.7912936594604264,-1.423609331450449,10
AT3G51760.4,,3,19197766,19199516,-,1750,protein_coding,Putative uncharacterized protein [Source:UniProtKB/TrEMBL;Acc:Q5Q0C5],2.160824389871925,2.2247762417604084,2.265079909517326,1.0453628119256622,1.6013438573119074,0.9774872469461261,0.22926840244859256,NA,-1.432098100221233,10
AT5G63370.8,CDKG1,5,25383826,25387252,-,3426,protein_coding,Cyclin-dependent kinase G1 [Source:UniProtKB/Swiss-Prot;Acc:Q9FGW5],7.103850650174437,7.432771125080329,7.355273088474366,5.131109151522658,5.9548417959470825,6.312731749454802,9.965080483231039e-5,0.006329520848430491,-1.4385643601240878,10
AT2G46040.1,,2,18935236,18938447,-,3211,protein_coding,ARID/BRIGHT DNA-binding domain;ELM2 domain protein [Source:TAIR;Acc:AT2G46040],4.846675056471127,3.0615633034164684,4.102569480200594,3.7831028921117995,2.8283827040465024,0,0.2465450363810431,0.7260239293101869,-1.4453849842140094,10
AT3G19790.2,,3,6874603,6875540,-,937,protein_coding,At3g19790 [Source:UniProtKB/TrEMBL;Acc:Q9LT29],4.903561770334352,5.4038409867824,6.017121854143554,0,5.023743360066366,4.204969600544553,0.12289542845607898,0.5637640803488587,-1.4514791882770728,10
AT2G45300.2,,2,18677311,18681831,+,4520,protein_coding,"3-phosphoshikimate 1-carboxyvinyltransferase, chloroplastic [Source:UniProtKB/Swiss-Prot;Acc:P05466]",3.779215365141232,4.6894161194701365,3.2578137583979734,3.7831028921117995,2.341563519858522,0,0.2512229091402263,0.730647366150763,-1.4623161000239866,10
AT3G07930.2,MBD4L,3,2526618,2528633,+,2015,protein_coding,Methyl-CpG-binding domain protein 4-like protein [Source:UniProtKB/Swiss-Prot;Acc:Q0IGK1],5.850611506839511,5.4038409867824,4.3913384478630615,3.9904461552789368,1.6013438573119074,4.711211651496133,0.20328231656090553,0.6776319135055962,-1.4840696613276205,10
AT1G62590.2,,1,23177294,23179248,-,1954,protein_coding,Pentatricopeptide repeat-containing protein At1g62590 [Source:UniProtKB/Swiss-Prot;Acc:Q9SXD8],3.652181693117092,5.945498505084853,2.7463591325539527,4.171700441259255,0,3.5434169845790513,0.39318546254444997,0.8336715101230874,-1.4949555460674462,10
AT5G40830.3,,5,16354380,16356289,-,1909,protein_coding,At5g40830 [Source:UniProtKB/TrEMBL;Acc:Q9FKS3],6.684210330655132,4.275895027664374,3.6346433676920804,3.8904962284416307,5.068160498838071,0,0.17657487872268254,0.6479605426439281,-1.502747894933196,10
AT4G31390.3,ABC1K1,4,15233042,15237165,+,4123,protein_coding,AtACDO1 [Source:UniProtKB/TrEMBL;Acc:A0A178V5V0],5.111022806207079,5.306737305398032,5.883959436993268,4.670690940798769,4.482829643422321,0,0.12635539865242215,0.5686014125197189,-1.510349207221694,10
AT2G43160.4,EPSIN2,2,17948062,17953669,+,5607,protein_coding,Clathrin interactor EPSIN 2 [Source:UniProtKB/Swiss-Prot;Acc:Q67YI9],8.364811211036605,8.417004837230822,8.636117006699912,0,8.209294656261644,6.258981835442681,0.162873813263838,0.626080338003078,-1.5247719815828569,10
AT1G32230.5,RCD1,1,11611997,11616218,+,4221,protein_coding,Poly [ADP-ribose] polymerase [Source:UniProtKB/TrEMBL;Acc:M5BF30],6.357664683528938,6.551180603102459,6.929154605730589,6.196611017420343,0,4.956057636196899,0.13298793954364974,0.5801664929371876,-1.5263208562668824,10
AT1G21410.1,SKP2A,1,7496998,7499616,+,2618,protein_coding,F-box protein SKP2A [Source:UniProtKB/Swiss-Prot;Acc:Q9LPL4],5.491048342115759,3.693960568591336,6.587518927492392,4.786446496099626,3.8301212627596493,3.765261905986231,0.13769411454783756,0.5884879222763927,-1.5285980515658941,10
AT5G06260.2,,5,1902565,1905101,-,2536,protein_coding,Similarity to unknown protein [Source:UniProtKB/TrEMBL;Acc:Q9FNI2],7.016284735814728,6.620163726292979,6.615793903277697,0,6.516085923449318,4.480182688212184,0.12746435071547133,0.5699097082686115,-1.5288695376998467,10
AT2G45560.3,CYP76C1,2,18776060,18778374,-,2314,protein_coding,CYP76C1 [Source:UniProtKB/TrEMBL;Acc:A0A178VLJ2],7.513220636632743,4.467782101105987,7.005940555589539,5.372521811660251,5.882064846289331,4.044789892814435,0.03153807253377406,0.2936513246865333,-1.535190007245166,10
AT2G04270.9,RNE,2,1476110,1480014,+,3904,protein_coding,"Ribonuclease E/G-like protein, chloroplastic [Source:UniProtKB/Swiss-Prot;Acc:F4IV66]",4.661175041237854,3.5877432418836714,5.762756638185021,4.40693260506076,3.481724014703326,0,0.11961222274293924,0.5579447079521184,-1.5506769138629355,10
AT1G44090.1,GA20OX5,1,16760616,16762486,-,1870,protein_coding,Gibberellin 20 oxidase 5 [Source:UniProtKB/Swiss-Prot;Acc:Q4PT02],3.185968080546225,0,0.9647332386523769,0,1.6013438573119074,0.9774872469461264,0.3909046186787238,NA,-1.553499547718616,10
AT1G62320.4,,1,23041596,23044855,-,3259,protein_coding,CSC1-like protein At1g62320 [Source:UniProtKB/Swiss-Prot;Acc:F4HYR3],6.6006630164433595,6.6468591588604,6.940377428888141,5.216148327730948,5.515815893197254,4.814187517145753,0.005528473225967717,0.10614479112252592,-1.5540525052259373,10
AT1G03905.2,ABCI19,1,993400,995989,+,2589,protein_coding,ABC transporter I family member 19 [Source:UniProtKB/Swiss-Prot;Acc:Q3EDJ0],5.563444142440976,5.687138515529223,0,1.0453628119256622,5.023743360066366,0,0.426751285716576,0.8493424862090211,-1.570241916910507,10
AT4G16950.4,RPP5,4,9538724,9544467,-,5743,protein_coding,Disease resistance protein RPP5 [Source:UniProtKB/Swiss-Prot;Acc:F4JNB7],7.0418505697952964,0,7.048050430439723,6.0186590839362,0,4.656829463156757,0.2773984558953941,0.7525979499308748,-1.5737628379977204,10
AT1G52870.1,,1,19685747,19687863,+,2116,protein_coding,At1g52870/F14G24_14 [Source:UniProtKB/TrEMBL;Acc:Q9C933],3.779215365141232,4.881492133434249,4.575364531374196,0,1.0123034224110756,4.416143335573015,0.30312039834289295,0.771741999453079,-1.579781609120837,10
AT3G07530.5,,3,2401347,2404280,+,2933,protein_coding,Integrator complex subunit [Source:UniProtKB/TrEMBL;Acc:A0A1I9LM22],4.787452844545964,2.2247762417604093,4.975193766628013,0,4.193077404170673,1.966097746181624,0.17293643737342373,0.6430535705916597,-1.5848561754591994,10
AT2G23410.1,DPS,2,9966127,9967788,-,1661,protein_coding,Dehydrodolichyl diphosphate synthase 1 [Source:UniProtKB/Swiss-Prot;Acc:O80458],8.76858172816675,7.729804780361016,7.716816539581474,6.611962641753524,6.4836583092670095,6.641565680571469,5.079186622940431e-5,0.0038245456047092583,-1.5887171695934699,10
AT1G21360.2,GLTP2,1,7481184,7483513,+,2329,protein_coding,Glycolipid transfer protein 2 [Source:UniProtKB/Swiss-Prot;Acc:Q6NLQ3],5.761093226608461,5.238169284991279,5.5150697275334455,2.6597936638251216,2.8283827040465024,5.085217278963407,0.028727876741464015,0.28034129324674617,-1.5937734711456868,10
AT2G11810.4,MGD3,2,4744267,4746813,+,2546,protein_coding,"Monogalactosyldiacylglycerol synthase 3, chloroplastic [Source:UniProtKB/Swiss-Prot;Acc:Q9SI93]",5.15854023872204,4.342733631600343,4.455324418422807,4.171700441259255,0,3.1296561776994567,0.054466413429793435,0.39281377499150544,-1.5989422349243245,10
AT2G42130.4,PAP13,2,17566014,17568226,+,2212,protein_coding,"Probable plastid-lipid-associated protein 13, chloroplastic [Source:UniProtKB/Swiss-Prot;Acc:Q8S9M1]",4.003966155346151,4.054512659874297,5.10054003574834,0,3.6074392270915814,3.4182344033917347,0.3278941581394645,0.790984147098783,-1.6137035027725917,10
AT2G07050.2,CAS1,2,2924360,2930751,+,6391,protein_coding,Cycloartenol synthase [Source:UniProtKB/Swiss-Prot;Acc:P38605],5.204542385499412,4.835816961760421,4.930868871040826,3.5408770127637252,0,4.349128783128886,0.3417278301535579,0.8000628656000717,-1.6290962309009425,10
AT4G11000.1,,4,6730928,6732599,+,1671,protein_coding,Ankyrin repeat family protein [Source:TAIR;Acc:AT4G11000],1.1091829133441469,2.483617156311411,2.9377056350499657,1.6451347266440306,0,1.5548667465212254,0.204772212423118,NA,-1.6294071853312437,10
AT3G44400.5,,3,16044857,16049668,-,4811,protein_coding,Disease resistance protein (TIR-NBS-LRR class) family [Source:UniProtKB/TrEMBL;Acc:Q9M285],6.866950438736367,7.353953890665334,6.824015610849092,0,5.906734002480958,6.084559105099063,0.24594327541735547,0.725773082763871,-1.6334361324260098,10
AT2G05840.2,PAA2,2,2234092,2236290,+,2198,protein_coding,Proteasome subunit alpha type-6-B [Source:UniProtKB/Swiss-Prot;Acc:O81147],7.103850650174437,6.911901002864533,7.4288330612529805,6.4281227199633415,5.696451679916131,0,0.2239249921346258,0.7009005839348954,-1.6526179719368284,10
AT4G25230.1,RIN2,4,12923846,12929233,+,5387,protein_coding,E3 ubiquitin protein ligase RIN2 [Source:UniProtKB/Swiss-Prot;Acc:Q8VYC8],5.5983237673929995,0,4.885138867599047,3.249609563511568,0,4.044789892814435,0.3100634744093455,0.7765040939253576,-1.6585336334566385,10
AT1G27380.4,RIC2,1,9508680,9510269,-,1589,protein_coding,RIC2 [Source:UniProtKB/TrEMBL;Acc:A0A178WAB0],4.003966155346151,3.3485100352690864,4.3913384478630615,0,2.8283827040465024,3.1296561776994576,0.11670496239789264,0.5513615621061513,-1.6641778383764099,10
AT3G09600.2,RVE8,3,2946239,2949017,+,2778,protein_coding,Protein REVEILLE 8 [Source:UniProtKB/Swiss-Prot;Acc:Q8RWU3],2.989757764903248,3.7928911420385325,3.933151394118153,0,1.0123034224110756,3.4182344033917347,0.33314645396736753,0.7943287102946662,-1.664250109838992,10
AT4G20380.8,LSD1,4,11004517,11006788,+,2271,protein_coding,LSD1 zinc finger family protein [Source:UniProtKB/TrEMBL;Acc:F4JUW0],5.414826829134901,4.881492133434248,4.631835645891565,4.254446689789234,3.6074392270915814,0,0.2385394039328301,0.7159889500807728,-1.684053817103613,10
AT4G34660.2,SH3P2,4,16545197,16548453,-,3256,protein_coding,SH3 domain-containing protein 2 [Source:UniProtKB/Swiss-Prot;Acc:Q8VWF1],8.23229474830708,6.551180603102459,7.871394825465878,0,7.309749274336964,5.1653164881903395,0.11859581706843864,0.5552377455965293,-1.6997238611225958,10
AT3G06600.1,SINE3,3,2059352,2060585,-,1233,protein_coding,Protein SINE3 [Source:UniProtKB/Swiss-Prot;Acc:Q9C900],1.7287776314278425,2.89339559201044,3.106619824651407,0,2.0184160092887753,1.5548667465212254,0.12472423693167442,NA,-1.7146199383873444,10
AT4G28340.1,,4,14024534,14025655,-,1121,protein_coding,Pyrroline-5-carboxylate reductase [Source:UniProtKB/TrEMBL;Acc:O49443],2.4928626068883792,2.2247762417604093,1.5377459377206828,1.6451347266440306,0,0.9774872469461264,0.2467133965886147,NA,-1.725189183348997,10
AT2G13680.1,CALS5,2,5694381,5706442,+,12061,protein_coding,Callose synthase 5 [Source:UniProtKB/Swiss-Prot;Acc:Q3B724],1.7287776314278425,3.0615633034164684,3.5196335731144552,0,1.6013438573119074,2.285737111160617,0.14564062876839606,NA,-1.7610688263578005,10
AT3G53750.2,ACT1,3,19915257,19917641,+,2384,protein_coding,Actin-3 [Source:UniProtKB/Swiss-Prot;Acc:P0CJ47],4.903561770334352,5.050974374322627,4.631835645891565,2.6597936638251216,2.6054102972499362,3.957496222586101,0.04425999152928351,0.3535120110427033,-1.7617084927544495,10
AT3G06630.7,,3,2069377,2073991,-,4614,protein_coding,Protein kinase family protein [Source:UniProtKB/TrEMBL;Acc:A0A1I9LPU6],6.089997898851233,3.212159022053945,2.9377056350499657,4.171700441259255,0,2.9603690990350424,0.13992701168693286,0.5926059153859505,-1.782882177513152,10
AT5G02600.2,NAKR1,5,584162,586952,-,2790,protein_coding,Protein SODIUM POTASSIUM ROOT DEFECTIVE 1 [Source:UniProtKB/Swiss-Prot;Acc:Q8LDS4],0,5.856810227768167,5.5150697275334455,3.5408770127637252,2.8283827040465024,3.765261905986231,0.10084708310549206,0.51739707453215,-1.796528581509303,10
AT5G35160.4,TMN11,5,13414671,13417445,+,2774,protein_coding,Transmembrane 9 superfamily member [Source:UniProtKB/TrEMBL;Acc:A0A178UDT0],7.220387974675715,5.494819029805245,4.686179335206145,0,5.309281919329234,4.60031677477828,0.1937516439719035,0.6681409358695782,-1.8072714083019559,10
AT3G19570.1,SCO3,3,6797555,6801714,+,4159,protein_coding,Protein SNOWY COTYLEDON 3 [Source:UniProtKB/Swiss-Prot;Acc:Q8GXD9],5.761093226608461,6.27134101519378,5.9297262538589255,4.8410179686120784,4.724007764471898,0,0.2036701098557601,0.677795348362801,-1.8367164190277414,10
AT1G63540.1,,1,23566958,23569495,+,2537,protein_coding,F2K11.10 [Source:UniProtKB/TrEMBL;Acc:Q9SH38],2.160824389871925,2.70300674632173,1.5377459377206828,1.0453628119256622,1.0123034224110756,0.9774872469461264,0.12365468491580973,NA,-1.8424264404375954,10
AT2G05830.2,,2,2229539,2232149,+,2610,protein_coding,Methylthioribose-1-phosphate isomerase [Source:UniProtKB/Swiss-Prot;Acc:Q9ZUG4],5.011018218499522,3.7928911420385325,5.0181973337008525,3.2496095635115685,3.7230723979143843,0,0.12387097654171994,0.5652384973221307,-1.8683682724060662,10
AT2G46920.3,POL,2,19277987,19281785,-,3798,protein_coding,Protein phosphatase 2C 32 [Source:UniProtKB/Swiss-Prot;Acc:Q8RWN7],7.4948261879802365,7.75456326854848,5.860519806873064,4.171700441259255,6.7247088916274915,0,0.4355690949609309,0.8546393502284303,-1.8901380624442092,10
AT2G40340.3,DREB2C,2,16848160,16850487,-,2327,protein_coding,Integrase-type DNA-binding superfamily protein [Source:TAIR;Acc:AT2G40340],4.448254655523664,3.8854708755694816,4.324382351515297,3.0784727421647258,3.0214626181219977,0,0.025551934274325446,0.262628863100124,-1.8905469628307403,10
AT1G20920.1,RH42,1,7285042,7289943,+,4901,protein_coding,DEAD-box ATP-dependent RNA helicase 42 [Source:UniProtKB/Swiss-Prot;Acc:Q8H0U8],8.146518690822937,6.236612679545459,6.483950249900812,6.895923860902625,0,1.554866746521225,0.4016215512308187,0.8387713466647988,-1.8915517533221555,10
AT5G15460.3,MUB2,5,5018711,5019770,-,1059,protein_coding,Membrane-anchored ubiquitin-fold protein 2 [Source:UniProtKB/Swiss-Prot;Acc:Q8LCS8],4.369674741505486,2.483617156311411,2.9377056350499657,2.659793663825122,0,1.966097746181624,0.06624065750282887,NA,-1.9032524683471135,10
AT2G41990.1,,2,17527167,17528937,+,1770,protein_coding,At2g41990 [Source:UniProtKB/TrEMBL;Acc:P93747],2.989757764903248,2.2247762417604093,2.52569632892835,1.0453628119256622,1.6013438573119074,0.9774872469461264,0.08852686866483479,NA,-1.907723668897142,10
AT4G34310.9,,4,16413980,16419735,+,5755,protein_coding,Alpha/beta-Hydrolases superfamily protein [Source:UniProtKB/TrEMBL;Acc:F4JKN4],6.273841602324848,5.901835762364154,4.102569480200593,3.8904962284416307,4.778490180056465,0,0.14943197538462943,0.6069554640349317,-1.9104643990873904,10
AT2G32620.3,CSLB2,2,13840687,13844425,+,3738,protein_coding,Cellulose synthase-like protein B2 [Source:UniProtKB/Swiss-Prot;Acc:O80899],7.896229715132342,6.579170895818778,6.058911290067167,5.5135912881492954,5.023743360066366,4.8630441822061155,0.0012754256815993273,0.040095501249543655,-1.9286861316227557,10
AT3G27325.2,,3,10095089,10102423,+,7334,protein_coding,"Hydrolases, acting on ester bond [Source:UniProtKB/TrEMBL;Acc:F4IWG2]",8.286770469753197,7.182092077529218,7.853696497288627,0,6.624165154070856,6.330212404824975,0.04240395104102946,0.3468293659396631,-1.9521925249478433,10
AT1G22430.5,,1,7919136,7921893,+,2757,protein_coding,Alcohol dehydrogenase-like 1 [Source:UniProtKB/Swiss-Prot;Acc:Q9SK86],5.414826829134901,3.2121590220539455,5.0181973337008525,4.0839179337471005,0,2.547243677395404,0.21350063448702883,0.6903077334565709,-1.9684841149528243,10
AT3G59270.1,,3,21906545,21907872,-,1327,protein_coding,FBD-like domain family protein [Source:UniProtKB/TrEMBL;Acc:Q9LX44],2.1608243898719253,2.2247762417604084,0.9647332386523769,0,1.0123034224110756,0.9774872469461261,0.2114229928842278,NA,-2.001158252300043,10
AT5G61320.1,CYP89A3,5,24655098,24656638,-,1540,protein_coding,"Cytochrome P450, family 89, subfamily A, polypeptide 3 [Source:UniProtKB/TrEMBL;Acc:F4K231]",2.4928626068883792,1.909115617155277,0.9647332386523769,1.0453628119256622,1.0123034224110756,0,0.18486723768777744,NA,-2.0042191766082347,10
AT1G77145.2,,1,28989838,28991385,-,1547,protein_coding,T14N5.3 protein [Source:UniProtKB/TrEMBL;Acc:O80651],4.846675056471126,3.972466198631512,4.020345890600543,2.6597936638251216,0,3.281148729751693,0.0063824346665948845,0.11608985548440864,-2.023376231914495,10
AT1G19250.1,FMO1,1,6650476,6653195,-,2719,protein_coding,Probable flavin-containing monooxygenase 1 [Source:UniProtKB/Swiss-Prot;Acc:Q9LMA1],7.627386798611932,8.186244669659402,7.723328354597215,6.087988382534519,6.173907689960344,5.043435810029179,1.061422882850727e-8,3.3406198170260353e-6,-2.038125776659334,10
AT5G18820.3,CPN60A2,5,6271452,6274564,+,3112,protein_coding,"Chaperonin 60 subunit alpha 2, chloroplastic [Source:UniProtKB/Swiss-Prot;Acc:Q56XV8]",4.903561770334352,4.689416119470136,5.2879193502807995,3.5408770127637252,0,3.65859942016323,0.10354224814320075,0.5235238109637538,-2.043254876920445,10
AT3G62860.2,,3,23239264,23242274,-,3010,protein_coding,Alpha/beta-Hydrolases superfamily protein [Source:UniProtKB/TrEMBL;Acc:F4IZK0],6.207614985700744,6.008610657827863,5.684825420083234,4.47752880713773,0,4.416143335573015,0.013792616118974562,0.18583211645435135,-2.1649641538651774,10
AT2G18010.1,SAUR10,2,7833782,7834653,+,871,protein_coding,Protein SMALL AUXIN UP-REGULATED RNA 10 [Source:UniProtKB/Swiss-Prot;Acc:Q9SL45],2.7625979464845534,1.504463772874736,1.5377459377206828,1.0453628119256622,0,0.9774872469461261,0.15379800111031347,NA,-2.2052831025072384,10
AT5G48340.3,,5,19590436,19592949,+,2513,protein_coding,Uncharacterized protein At5g48340 [Source:UniProtKB/TrEMBL;Acc:Q9LK80],5.5983237673929995,6.370775325014108,5.059956075013731,4.406932605060761,0,3.864578521375148,0.016707051554675716,0.20771470088682711,-2.2601233663826665,10
AT1G61720.1,BAN,1,22790966,22792803,-,1837,protein_coding,Anthocyanidin reductase [Source:UniProtKB/Swiss-Prot;Acc:Q9SEV0],3.512872752684049,1.5044637728747368,1.9467712125878611,1.6451347266440306,0,0.9774872469461264,0.10969563995459758,NA,-2.2777227690441535,10
AT1G34180.3,anac016,1,12448578,12450575,+,1997,protein_coding,NAC domain containing protein 16 [Source:TAIR;Acc:AT1G34180],4.522774701274072,4.637117268027111,5.215861023745286,0,2.0184160092887753,3.864578521375148,0.0717525194288238,0.44416791640238307,-2.296017055828489,10
AT1G17890.3,GER2,1,6154264,6155804,-,1540,protein_coding,Putative GDP-L-fucose synthase 2 [Source:UniProtKB/Swiss-Prot;Acc:Q9LMU0],8.010701673910926,5.7376859863638225,4.9751937666280135,3.0784727421647258,5.11125088572456,4.763618158442554,0.046590924363332085,0.3626457740388472,-2.336267121598598,10
AT5G45040.1,PETJ,5,18175371,18176888,-,1517,protein_coding,"Cytochrome c6, chloroplastic [Source:UniProtKB/Swiss-Prot;Acc:Q93VA3]",2.160824389871925,4.205808790095031,2.52569632892835,1.0453628119256622,1.6013438573119074,1.5548667465212254,0.018285329955322404,0.21735052578787414,-2.36114687272744,10
AT1G05410.2,,1,1585371,1587774,-,2403,protein_coding,At1g05410/T25N20_5 [Source:UniProtKB/TrEMBL;Acc:Q8VZE5],5.453440900888462,6.029049068629441,5.9297262538589255,4.406932605060761,3.7230723979143843,0,0.05742998126606068,0.40161106779999217,-2.3694157053452605,10
AT1G02850.5,BGLU11,1,630374,633420,+,3046,protein_coding,Beta-glucosidase 11 [Source:UniProtKB/Swiss-Prot;Acc:B3H5Q1],7.531383504528087,6.236612679545459,7.6636360402180275,4.332703338683257,6.111608311171989,0,0.09438164029986545,0.5049129347669082,-2.3983611074264948,10
AT3G26539.1,,3,9743608,9744204,-,596,protein_coding,unknown protein; Has 30201 Blast hits to 17322 proteins in 780 species: Archae - 12; Bacteria - 1396; Metazoa - 17338; Fungi - 3422; Plants - 5037; Viruses - 0; Other Eukaryotes - 2996 (source: NCBI BLink). [Source:TAIR;Acc:AT3G26539],2.160824389871925,2.483617156311411,3.840346053470231,1.0453628119256622,1.0123034224110756,1.5548667465212254,0.0251264135890976,NA,-2.413512186230362,10
AT3G45490.1,,3,16686962,16687893,-,931,protein_coding,Reverse transcriptase-like protein [Source:UniProtKB/TrEMBL;Acc:Q9M1F8],2.1608243898719253,3.5877432418836714,1.5377459377206832,1.6451347266440308,1.0123034224110756,0,0.06488313183603109,NA,-2.421343167637813,10
AT1G03550.6,SCAMP2,1,886389,887778,-,1389,protein_coding,Secretory carrier-associated membrane protein 2 [Source:UniProtKB/Swiss-Prot;Acc:Q9LR68],5.850611506839511,5.465125944637686,4.102569480200594,0,4.193077404170673,2.285737111160617,0.05977238455709668,0.4095607298994215,-2.452625363079545,10
AT4G00960.2,,4,414204,416180,+,1976,protein_coding,Putative receptor-like protein kinase At4g00960 [Source:UniProtKB/Swiss-Prot;Acc:O23082],3.8959629525209563,4.054512659874297,4.020345890600543,2.3938393620681246,0,2.2857371111606164,0.002781693718871052,0.06751995039800437,-2.462402974356169,10
AT5G15640.2,,5,5087219,5090047,+,2828,protein_coding,Mitochondrial substrate carrier family protein [Source:UniProtKB/TrEMBL;Acc:Q949U9],4.903561770334352,4.205808790095031,4.324382351515297,2.6597936638251216,2.8283827040465024,0,0.0023213533768286407,0.059603548099437825,-2.5278183529403644,10
AT5G07570.3,,5,2391581,2396329,+,4748,protein_coding,Glycine/proline-rich protein [Source:UniProtKB/TrEMBL;Acc:Q9LY06],4.593633859566178,5.966844131094119,4.516592614106659,0,3.1917257348581187,3.4182344033917347,0.03949746340395122,0.33384533717805603,-2.5758164431098587,10
AT4G04450.2,WRKY42,4,2218081,2221260,+,3179,protein_coding,WRKY transcription factor 42 [Source:UniProtKB/Swiss-Prot;Acc:Q9XEC3],5.961933981317181,4.205808790095031,5.762756638185021,4.0839179337471005,2.8283827040465024,0,0.007905970447978956,0.1326072683942147,-2.589228927193519,10
AT1G07690.5,,1,2378054,2379180,+,1126,protein_coding,FUNCTIONS IN: molecular_function unknown; INVOLVED IN: biological_process unknown; LOCATED IN: endomembrane system; EXPRESSED IN: root; CONTAINS InterPro DOMAIN/s: Orthoreovirus membrane fusion p10 (InterPro:IPR009854); BEST Arabidopsis thaliana pro /.../atch is: unknown protein (TAIR:AT1G54950.1); Has 11 Blast hits to 11 proteins in 4 species: Archae - 0; Bacteria - 2; Metazoa - 0; Fungi - 0; Plants - 7; Viruses - 0; Other Eukaryotes - 2 (source: NCBI BLink). [Source:TAIR;Acc:AT1G07690],2.7625979464845534,0,3.840346053470231,1.6451347266440306,1.0123034224110756,0,0.19215972717705496,NA,-2.61630438264132,10
AT1G01020.4,ARV1,1,6788,9130,-,2342,protein_coding,ARV1 family protein [Source:UniProtKB/TrEMBL;Acc:Q5MK24],3.652181693117092,6.088682403218766,4.930868871040826,0,3.0214626181219977,3.2811487297516924,0.027436650310714156,0.2728178955816167,-2.7673597354985997,10
AT1G45163.1,,1,17090677,17091464,-,787,protein_coding,unknown protein; BEST Arabidopsis thaliana protein match is: unknown protein (TAIR:AT5G55790.1). [Source:TAIR;Acc:AT1G45163],3.185968080546225,4.582850997235592,3.257813758397973,1.6451347266440306,0,1.5548667465212254,0.0037284353147014134,0.08236360146482957,-3.292624944143943,10
AT2G13810.1,ALD1,2,5768417,5772266,+,3849,protein_coding,EDTS5 [Source:UniProtKB/TrEMBL;Acc:A0A178VQ02],7.741002558889002,6.736585105171401,7.355273088474366,4.670690940798769,2.8283827040465024,3.281148729751693,8.167985636284644e-10,3.342179003594408e-7,-3.620789217371995,10
AT5G28080.4,WNK9,5,10089995,10092721,-,2726,protein_coding,Probable serine/threonine-protein kinase WNK9 [Source:UniProtKB/Swiss-Prot;Acc:Q2V338],0,6.370775325014108,4.7890861567805665,0,1.6013438573119074,2.7685437932646573,0.0476203293411848,0.3662528954354551,-3.7822972837757973,10
AT3G55790.1,,3,20708196,20708658,+,462,protein_coding,Transmembrane protein [Source:UniProtKB/TrEMBL;Acc:Q9M045],5.011018218499521,3.792891142038532,4.254166913077102,1.0453628119256622,0,1.966097746181624,4.489254993667833e-5,0.0035422118768346387,-3.936885005796291,10
AT2G34250.2,,2,14462101,14464868,+,2767,protein_coding,AT2G34250 protein [Source:UniProtKB/TrEMBL;Acc:O80774],5.761093226608461,5.090406988628779,8.653269657607664,0,2.8283827040465024,3.4182344033917347,5.185301507080801e-4,0.021141991341315912,-4.944414817363741,10
AT5G59440.3,ZEU1,5,23971231,23972924,+,1693,protein_coding,P-loop containing nucleoside triphosphate hydrolases superfamily protein [Source:UniProtKB/TrEMBL;Acc:F4KJ62],0,8.111546748413438,7.491212481401271,0,1.6013438573119074,3.281148729751693,0.0067931847982905715,0.12028059379577571,-5.396204589099757,10
